id,fileUrl,describe,embedding,hsl,mainColor
1,https://autolayout.oss-cn-beijing.aliyuncs.com/background/e65aa53f59064d4fba5ca5591525d820.png?OSSAccessKeyId=LTAI5t6QuPcFFd4HvdBWdaZw&Expires=4840139305&Signature=uyTi6nZlwqdyOrAnQtaQePjev5c%3D,"{
  ""productType"": [""美容与健康"", ""服装与配饰"", ""家居用品"", ""消费电子"", ""手机""],
  ""cultureTendency"": ""/"",
  ""styleTendency"": ""甜美清新"",
  ""titleUser"": ""青睐现代时尚美学的年轻人与青少年群体"",
  ""historyStyle"": ""波普艺术"",
  ""sense"": ""宁静、俏皮与振奋人心"",
  ""otherSenses"": ""画面可能唤起甜美的花香联想，并搭配轻柔的环境背景音乐"",
  ""festivalNode"": [""春季促销"", ""夏季促销"", ""情人节促销"", ""母亲节促销""],
  ""colorTendency"": ""粉紫色系"",
  ""colorSorting"": [""#F18DAF"", ""#C793F0"", ""#D6F3FF""]
}","[0.041553438,-0.005330022,-0.055824026,-0.013791566,0.011596641,-0.02516657,0.0039966227,0.046901334,-0.029742308,-0.015271531,-0.011846877,-0.029141743,-0.025438253,-0.072754264,0.017387811,0.061829682,-0.05287839,-0.013133803,0.013126654,0.018846327,0.0091729285,0.010288265,0.006738492,-0.011010374,0.01212571,0.0043934253,-0.044184487,0.09180078,0.046014782,0.029742308,-0.021992149,-0.039093975,0.013905959,-0.0005183455,-0.0045507164,-0.0012663717,-0.019146612,-0.002840176,0.0038035838,-0.014034652,-0.009094283,-0.031744193,0.041753624,-0.0047687786,0.021048402,-0.0055659586,-0.032459155,0.029828103,0.009287322,0.031744193,-0.0042075356,-0.054050926,0.009337369,-0.009230125,-0.043183543,-0.019775776,-0.002305744,0.041095864,-0.0052764,0.016615655,0.091571994,-0.013963155,0.014899753,0.0057518478,-0.00431478,-0.023279076,0.009909336,-0.006534728,0.00474733,-0.024923483,0.07252548,-0.0193325,-0.010459855,0.0010152423,-0.005344321,0.019261004,-0.030800449,-0.017659497,0.0068207122,-0.049189202,-0.022807203,0.015242933,-0.04641516,0.027139857,-0.027826218,-0.039093975,-0.03145821,0.010102375,-0.06205847,0.068292916,-0.031000637,0.020290546,0.008014694,-0.007700112,-0.01813137,0.011446499,-0.049560983,-0.03005689,-0.0126833785,0.03815023,0.025552647,-0.050533324,-0.0076429155,0.0057661473,-0.0016998159,-0.001078695,0.0037571113,-0.00018075066,-0.022549817,-0.011668136,-0.09220116,0.002159177,-0.0016765797,0.09368827,0.03571937,0.018302958,0.018202865,-0.032201767,0.003692765,-0.030285677,-0.07487054,0.015271531,0.013484133,-0.021420183,-0.017702393,0.035233196,-0.012905017,-0.037206486,-0.06486111,-0.043583922,0.016758647,-0.0011832577,-0.040981468,-0.058312085,-0.024337215,-0.027626028,6.702744e-05,0.046844136,-0.06692019,-0.011753932,0.056910764,-0.0545371,0.029484924,0.002477334,-8.305817e-05,-0.03849341,-0.029256137,0.031744193,-0.024851987,0.087511025,-0.026167512,-0.0094303135,-0.008043293,-0.018274361,0.03291673,-0.056910764,0.06543308,-0.022792904,-0.083964825,-0.021405883,0.028026406,-0.058798257,0.0039465753,-0.024365814,4.2953416e-05,0.011689586,-0.03749247,-0.026067417,-0.022592716,-0.03357449,-0.016944537,-0.05611001,-0.0039072526,0.0070280503,0.0316298,-0.009759195,-0.0076572145,-0.019003619,0.000837843,0.046872735,0.050390333,0.041010067,-0.0119183725,-0.06371718,-0.026810976,-0.037206486,0.004611488,-0.019546987,0.0014862217,-0.032115974,-0.027697524,-0.017373512,0.039351363,0.0052549513,0.021162797,-0.062401652,-0.012182907,0.042325594,-0.00057330803,0.038779393,0.013684322,0.009387416,0.028255193,-0.00021526979,-0.03606255,-0.0025524048,-0.027297148,0.0033102618,0.013076606,-0.016429765,0.061486505,-0.022263834,0.017116126,0.047015727,-0.00017103169,0.013283945,0.038236026,-0.006137926,-0.007943198,0.050990902,0.0074927737,0.03288813,0.067549355,0.0008624197,-0.017873984,-0.00019113992,0.030543063,-0.047072925,-0.040752683,-0.037578262,0.013562779,0.035805162,-0.023579359,-0.009501809,-0.006524004,-0.029942498,0.01266908,-0.00562673,0.032115974,-0.03077185,-0.025395356,0.03180139,0.0019589886,0.021520276,0.032144573,0.020347742,0.0019393272,-0.024723293,-0.022435425,-0.007406979,0.007893151,0.033317104,-0.045271225,0.018245762,0.050047155,-0.026696581,0.009165779,0.013920259,-0.037778452,-0.007592868,0.055595238,0.004239709,0.011889773,-0.041982412,0.0010706516,0.02971371,-0.0075857188,0.012597583,-0.014670965,-0.017602298,-0.012254403,-0.03937996,0.02885576,0.015972191,0.022750007,-0.013898809,-0.022449723,-0.00087716576,0.002480909,0.012526087,-0.06577626,-0.006330965,0.012032766,-0.04152484,-0.018846327,0.022950195,0.044041496,-0.024737593,-0.059027042,-0.0017257332,0.01601509,-0.053364564,-0.0281408,-0.06406036,-0.03431805,-0.00017404792,0.034403842,0.012361647,-0.01442788,-0.033174112,0.06120052,-0.019575587,-0.005712525,-0.022406826,0.024079831,0.015085642,0.0093659675,-0.011453649,0.034203656,0.0050511877,-0.017888283,0.0019536263,0.03589096,-0.08493717,-0.024380114,0.00930877,-0.012847819,0.035290394,-0.02094831,-0.027668927,0.006173674,0.0050225896,0.08653868,0.026853872,0.004271882,-0.05116249,0.022406826,-0.014620919,-0.026482094,-0.057053756,-0.055681035,-0.026081717,-0.009408865,0.02601022,0.011660987,-0.010860233,0.024508806,-0.001202919,-0.019832972,0.030714653,-0.020490734,-0.07647205,-0.0123973945,-0.02954212,-0.007785907,-0.018260062,-0.011167665,-0.0017579063,-0.0005750954,0.038064435,0.00932307,-0.007878852,0.031744193,0.0020787444,-0.009044236,-0.064403534,0.011875475,0.00285805,-0.042154003,0.039351363,0.018946422,-0.034918614,0.04427028,-0.008457969,0.023407768,-0.02071952,-0.038979582,-0.001366466,0.07178192,-0.025624143,0.04032371,0.005694651,0.011568042,-0.036377132,-0.00184817,0.020462137,-0.0013691471,-0.03182999,0.0123973945,0.04143904,0.007886002,0.002311106,0.0019715005,0.0017838236,-0.00091872277,0.0017552251,-0.0049189203,0.013269645,-0.0060771545,-0.0033460096,-0.00897989,-0.08110499,-0.027797619,0.019918768,0.025295261,0.0369205,0.040352304,0.036434326,-0.00500829,0.011267759,0.0068457355,-5.937514e-05,-0.00034094622,0.019761477,-0.0040466697,0.028870057,-0.011560893,-0.00065284723,0.022006448,0.004060969,0.009909336,-0.05645319,0.03060026,0.041925214,-0.029027348,-0.03291673,0.008565213,0.020090358,0.043841306,0.044956643,-0.016072286,-0.06606224,0.010810185,-0.023464965,-0.016930237,0.015257232,0.052621007,-0.05731114,-0.058254886,-0.0563102,-0.021305788,0.00017058483,0.013484133,-0.037749853,0.026768077,-0.038007237,0.012454592,0.0019536263,0.021091301,-0.016301073,-0.0010483091,0.02516657,-0.0023486414,0.023093186,0.023865342,0.044213086,0.010781587,0.0122687025,-0.04201101,-0.048445646,-0.038093034,0.026110316,-0.06943685,-0.016830143,-0.012583285,0.054994673,-0.020705223,-0.019475492,0.036491524,-0.00079449854,0.018774832,0.011117618,-0.004554291,0.016243877,0.009952234,0.0012190057,-0.05485168,-0.028698469,0.05081931,-0.033660285,0.029427726,-0.017101828,0.012597583,-0.0071460186,0.027397241,-0.0246089,0.039665945,0.06291642,0.059713405,-0.0043004802,0.025695639,0.03603395,-0.027554533,-0.007821655,-0.04032371,-0.002257484,0.041553438,-0.031200826,-0.054937474,-0.011453649,-0.0033817578,-0.033517294,0.026853872,-0.017359212,-0.02233533,-0.006212997,0.023150383,0.00755712,-0.017902581,-0.053536154,0.03889379,0.01741641,0.01196127,0.039093975,0.07326903,0.010459855,0.020991206,-0.006609799,0.018345857,-0.017659497,-0.03937996,0.017902581,-0.004840275,0.02076242,0.0006515067,-0.011517995,0.0047151567,0.02957072,-0.022106543,-0.009337369,-0.03128662,0.023279076,-0.019947365,-0.0020483586,-0.020304846,-0.053707745,-0.013441236,-0.075156525,-0.036891904,-0.035633575,0.015686208,0.005397943,-0.005844793,0.010795886,0.028698469,0.017473606,0.001803485,-0.021062702,-0.017859684,0.015757704,0.012218655,-0.028055005,-0.015714806,-0.0029652938,-0.03674891,0.0066169486,-0.042096805,-0.022607014,-0.008214883,0.03589096,0.024380114,-0.026353402,0.033488695,-0.0027204202,0.007978946,0.0387222,-0.013198149,0.0025917275,0.015057044,0.0055445097,-0.003850056,-0.043841306,0.03640573,0.016057987,0.0038929535,0.0018320833,0.03357449,0.040695485,-0.0072532627,0.0035515605,-0.029999694,-0.027054062,-0.013498432,-0.020176152,0.004257583,-0.012039916,-0.004590039,-0.013798716,-0.008586662,0.014270589,-0.024909183,0.013684322,-0.0017471819,0.027096959,-0.02934193,-0.0021931378,0.0075499704,0.0035479858,0.019389696,-0.006009233,-0.018789131,-0.009108582,0.03325991,0.02425142,0.014506525,0.00082756544,-0.0029992545,0.011904073,0.000796286,-0.020976907,-0.007246113,-0.04163923,-0.05207764,0.0151714375,-0.018145667,0.046529554,-0.0032030179,-0.02021905,0.004447047,0.0025327434,-0.03551918,0.0035819463,-0.010745839,-0.03251635,-0.018488849,0.0018133157,-0.0158149,0.0042325594,0.0010947814,-0.01318385,-0.020519333,-0.008222032,0.025052175,-0.006395311,0.006491831,0.042096805,-0.010316864,-0.022220936,0.014013203,-0.0016649616,0.034003466,-0.0059162886,0.0049010464,-0.028555475,-0.0034210805,0.020962607,-0.0030582387,-0.003692765,-0.00790745,-0.007221089,0.007406979,0.020862514,0.027368644,-0.024079831,0.011446499,-0.015328729,-0.022521218,-0.038093034,0.01810277,0.026853872,-0.009709148,0.011696734,0.022707108,-0.00755712,-0.007964647,0.021219993,0.0073176087,0.029484924,-0.016272474,0.035033006,-0.011224861,0.039179772,-0.013677172,-0.016401168,0.029770907,0.03591956,0.023708051,0.0056696273,0.00063005794,0.041410446,0.037921444,0.04727311,0.045986183,0.015886396,0.015028445,-0.004096717,-0.0025649166,0.021992149,0.006924381,0.02428002,0.0062523196,0.0020876813,-0.020076059,-0.004146764,0.030285677,-0.02093401,0.02722565,0.020304846,-0.014270589,0.023836745,-0.009630502,0.04341233,0.0151714375,0.035776567,0.011997018,-0.04269737,0.016858742,-0.009466061,-0.024480207,0.014256289,-0.0022288857,0.02146308,-0.026682282,-0.0006881484,-0.037749853,0.03431805,-0.0076786634,0.0030028292,0.024894884,0.0038750796,-0.0071817664,-0.0084722685,-0.024809089,0.017516503,0.025223766,0.005351471,0.027754722,-0.022006448,0.0042039608,0.005784021,-0.06543308,0.026181811,-0.023822445,-0.022549817,-0.026753778,0.0062880674,0.012025616,-0.03626274,-0.000811032,-0.018717635,-0.001740926,0.0063095163,-0.014363533,0.022249535,-0.018960722,0.025295261,-0.03600535,0.015314429,0.0092372745,-0.026968267,0.010109525,-0.0077072615,-0.01828866,0.0057446985,-0.0016470876,0.04324074,-0.0008271186,0.00054292224,-0.04346953,-0.010166721,0.05061912,0.013133803,0.0038893789,-0.010316864,-0.01846025,-0.015543216,0.023879642,0.015500318,0.018889226,0.043698315,0.031229423,0.049303595,-0.011818278,0.019275304,0.024151327,0.027397241,-0.011768231,0.04887462,-0.04713012,-0.014985547,-0.0011868326,-0.0011680648,0.014642367,-0.017159024,-0.0032906004,0.023779547,-0.0022968068,-0.010845933,-0.0055766827,0.024566002,0.0404953,-0.013662873,-0.006212997,-0.004321929,0.013205299,-0.019632783,0.02004746,-0.007471325,0.022935895,-0.037034895,0.028684169,0.006727767,-0.0017382449,-0.01741641,-0.019632783,0.028469682,0.0065883505,-0.09283032,0.022049347,0.03589096,-0.01266908,-0.008772551,-0.028183697,-0.023522163,0.032630745,0.04341233,0.011768231,0.023450667,0.011017524,-0.019389696,-0.0316012,0.008107639,0.0005938631,0.06417475,-0.0027937037,-0.03706349,0.011496546,-0.051763058,0.0073569315,-0.02708266,0.022721408,0.007871702,-0.0061593745,-0.010416958,0.009852139,0.05150567,-0.01741641,-0.032430556,-0.0068171374,-0.0158292,-0.028197996,-0.0011975568,0.020333443,-0.003782135,0.013391188,0.00465796,-0.0038750796,0.021234293,-0.01318385,0.018031275,0.028040705,0.027912013,-0.036462925,-0.02708266,0.027997809,-0.0019214533,0.01635827,0.0067241928,-0.027411541,0.038293224,-0.045814596,-0.009130031,-0.0008838685,-0.010338312,-0.056910764,0.045385618,0.0052156285,-0.03426085,0.008136237,0.023450667,-0.036777508,0.010946028,-0.0021984999,-0.0069601294,0.022750007,0.008193434,-0.0061057527,-0.0073426324,0.013612825,0.04467066,-0.019246705,0.0066383975,0.0070602233,0.0067563658,0.0228358,-0.006044981,-0.039437156,0.0151714375,0.004590039,0.015557515,0.05167726,0.01810277,0.029484924,-0.047072925,-0.01564331,0.017673794,-0.010931728,0.016286774,-0.016229577,0.014320635,-0.0074498765,-0.04587179,0.0108959805,-0.007721561,0.0076572145,0.03583376,-0.012161458,0.016615655,-0.008422221,-0.03743527,-0.025223766,0.004271882,0.0051298332,0.010145273,0.0017847172,0.013655723,-0.008136237,0.013691471,-0.03288813,0.0025381057,0.021749062,-0.033688884,0.003253065,0.0076357657,0.011396452,0.02236393,-0.03060026,0.0050940854,0.011181965,0.006538303,0.030371472,-0.028326688,0.012611883,-0.027182754,-0.04361252,-0.017445007,0.0148854535,-0.026953967,-0.021591771,-0.005136983,0.0228644,0.00773586,-0.006102178,0.0017811424,-0.012933615,0.0034925763,0.008565213,0.005119109,-0.017831085,-0.0100022815,-0.0021502401,-0.016472664,0.012004168,0.020090358,0.0086009605,0.008350725,-0.010803035,-0.022750007,-0.00085795124,-0.0137057705,0.025381057,-0.008865496,0.038178828,-0.052134834,0.014613769,-0.014127596,0.006019958,0.010931728,0.0069744284,0.024780491,-0.042068206,-0.025981622,-0.04464206,-0.00535862,-0.0074927737,0.011732482,-0.024380114,0.003172632,-0.0151428385,0.031000637,-0.011224861,0.0008418646,-0.0050905105,0.026582189,0.009344518,0.035318993,0.0064417836,-0.027826218,0.030914841,-0.025581244,0.0012592222,0.040552493,0.011696734,0.0046007633,-0.021563174,-0.035233196,0.013605677,-0.009630502,0.03111503,0.03131522,0.009244424,0.027125558,0.0009991557,-0.025810033,-0.0013316118,0.02197785,-0.0036677413,0.060914535,-0.020662325,0.011839727,-0.0070352,-0.021863457,0.024708996,-0.029513521,0.009008488,0.003267364,0.016143782,-0.011124767,0.027497336,-0.02267851,0.00082756544,0.024894884,0.011997018,0.032201767,0.013105204,0.0037428122,-0.0064632325,-0.013927408,-0.0057196748,-0.007986096,0.04272597,0.009937935,0.013319693,0.022735707,0.014656667,0.0048617236,0.01774529,-0.016629955,-0.010331162,0.021005506,0.009230125,0.018245762,-0.016672852,-0.014091848,0.017445007,0.037950043,0.025924426,-0.030914841,-0.00031413525,0.0014611982,-0.010845933,-0.018774832,-0.0010563524,0.006019958,-0.028398184,0.012719126,0.019832972,-0.012919315,0.023107486,0.0060950285,0.0027025463,0.0069851526,0.007757309,-0.010438406,0.009473211,0.020462137,0.009594754,0.0050690616,0.014856855,-0.00046561728,-0.034003466,0.0019625635,0.0053049983,0.012275852,-0.013677172,-0.026224708,0.0021877757,0.006259469,-0.011517995,0.019718578,-0.0035604974,0.0056124306,0.0073354826,-0.022106543,0.008243482,0.011904073,-0.0035658597,-0.008415071,-0.013405488,-0.007421278,0.02267851,0.0061200517,0.0021842008,-0.023893941,-0.030714653,-0.001081376,-0.005558809,-0.02653929,0.0038250324,-0.031972982,-0.03203018,-0.016215278,0.011117618,-0.003553348,0.023536462,-0.009895037,0.0037463869,0.03706349,0.016415466,0.031715598,0.037206486,0.035175998,0.01811707,-0.022077944,-0.016043687,-0.004150339,-0.035261795,-0.022035047,0.0053371713,0.00553736,-0.02197785,0.039608747,0.045814596,-0.0007596443,0.00862241,0.0057268245,-0.016787246,0.020462137,0.020004563,-0.003978749,-0.01107472,-0.018560344,0.019546987,0.02146308,-0.0064525083,-0.013569929,-0.002477334,0.004025221,0.015686208,0.02302169,0.013777266,-0.0033549466,-0.000430763,0.0007810931,-0.0044398974,0.0026632235,-0.019747177,0.0045757396,-0.02761173,-0.031772792,0.052849796,-0.011596641,0.0009147011,0.010266816,0.016115183,0.004114591,0.0072854357,0.10181021,-0.019761477,-0.012375946,-0.011618089,-0.003960875,-0.0246089,-0.0456716,0.04378411,-0.0002477781,-0.011296358,-0.007242538,0.015600413,0.014213392,0.006702744,0.0144707775,-0.002436224,-0.04203961,0.024165627,0.022092244,-0.013527031,0.033688884,0.01881773,0.0011671712,-0.0048438497,0.016758647,-0.010316864,-0.0020251223,-0.008593812,0.014327785,0.009444613,-0.020648025,0.022306731,-0.042182602,-0.0007064692,0.041267455,-0.009079983,-0.026953967,-0.018231463,0.021749062,-0.017702393,-0.0134483855,-0.021877756,0.009115731,0.0030278529,0.025967324,0.017016033,-0.011939821,0.0033066869,0.014928351,-0.002656074,0.008093339,0.029599316,0.023665154,-0.009723447,-0.0073033096,-0.0047687786,-0.006720618,-0.009466061,-0.010266816,0.0007283648,0.0032959625,0.021405883,0.01811707,0.027025463,0.0049510933,0.0042146854,0.013455534,0.01828866,-0.010881681,0.030886244,0.008422221,0.0036552297,0.010309714,-0.015886396,0.0061629494,0.020319145,0.01704463,-0.0037892845,0.031772792,-0.037034895,0.026996864,0.04146764,0.027540233,0.006895783,-0.017888283,-0.041181657,-0.04181082,0.011332106,-0.020776719,0.009923636,-0.004082418,-0.028340988,0.00826493,0.032430556,-0.016043687,-0.004804527,-0.008121938,-0.010702942,0.03852201,-0.0050404635,0.009902187,0.022921596,-0.011389302,0.03609115,-0.013326842,-0.011811128,-0.03551918,0.023193281,0.010045179,0.0047759283,0.010981776,0.02074812,0.0025184443,0.0036355683,-0.023136085,0.010996074,0.0014183006,-0.04129605,-0.03217317,-0.021777662,-0.0017033906,-0.0069708535,-0.008593812,-0.0026721605,0.023379171,0.015772004,-0.008329276,-0.0145351235,-0.050018556,0.013505582,0.01968998,-0.007986096,-0.0019089414,0.013984605,0.016158082,-0.008379323,-0.017373512,-0.028026406,0.009466061,0.010888831,0.02582433,-0.004954668,-0.0069958773,-0.0074784746,0.011296358,-0.02586723,0.017287716,0.024566002,-0.034146458,-0.008901244,-0.005801895,0.01725912,0.00024219247,-0.007650065,-0.005219203,0.01266193,-0.0019196658,-0.006874334,-0.03394627,0.03906538,0.00076902815,0.01301226,-0.016086586,-0.006706319,0.013491283,-0.0034586159,-0.022621313,0.0158292,0.009501809,-0.023493564,0.026053118,-0.031029236,0.016858742,0.02496638,-0.0052156285,0.021505976,0.021892056,0.04080988,-0.017602298,-0.013405488,-0.04713012,-0.03446104,-0.014091848,-0.043326534,0.009516109,-0.021834858,0.006609799,-0.019918768,0.017159024,0.0053049983,-0.0068135625,-0.037692655,0.0044220234,0.0019822249,0.023150383,0.039494354,-0.002902735,-0.002997467,0.002670373,0.016401168,-0.06383157,0.0075714192,-0.021077001,0.04255438,0.022950195,-0.023178982,0.01723052,0.00071629987,-0.033517294,-0.016486963,0.031401016,-0.0013941707,-0.014384982,-0.012082813,0.010602847,0.011267759,0.010445556,0.052792598,0.004693708,-0.0040037725,0.027854815,-0.0024040507,0.0055981316,-0.013312543,-0.029913899,0.04289756,0.007871702,0.02305029,0.01372007,-0.021219993,0.0017337764,0.06560467,0.0073783803,-0.016143782,0.047072925,0.025280962,-0.016672852,0.00412889,0.006259469,-0.0007502605,0.0047687786,-0.033374302,-0.018860627,0.018188566,-0.054251116,-0.005322872,0.029971095,-0.01178253,0.0049367943,0.04378411,-0.027726123,0.009987982,0.0040216465,-0.012297301,0.009987982,-0.024208523,7.596443e-05,0.0023772398,0.02957072,-0.026410598,-0.029599316,-0.012976512,0.0029188215,-0.0127477255,0.011946971,0.051076695,0.008043293,-0.015257232,0.008107639,0.004450622,-0.002688247,0.024537405,-0.02006176,0.03740667,-0.0016998159,-0.0075142225,0.02586723,0.0003326795,-0.0017221583,0.018174266,-0.015343027,-0.00071227824,-0.009794943,-0.007864553,0.03271654,-0.025781434,-0.03180139,0.036863305,0.02583863,0.02742584,0.01721622,4.5606586e-05,-0.04012352,-0.008765401,0.025953025,0.028097901,0.028584074,-0.0144707775,-0.044956643,0.001761481,0.036119744,-0.03763546,-0.020376341,0.013870211,-0.0057268245,0.015099941,0.03889379,0.011589491,-0.013591377,-0.008365024,0.0053729196,-0.02302169,0.0068493104,-0.0010214981,0.0007091503,0.01881773,-0.027211353,0.012454592,-0.03989473,0.012561835,-0.020161854,0.013405488,0.048159663,-0.02040494,-0.023536462,-0.02356506,0.0021216418,-0.012168608,-0.007056649,0.018960722,0.008844047,0.018760534,-0.00063005794,0.014856855,0.021906354,0.00931592,0.01704463,0.013548479,-0.0114322,-0.0018168904,0.004786653,-0.020776719,0.013462684,0.00034697872,-0.01494265,0.03746387,0.02498068,-0.005573108,0.0034443166,0.03766406,0.022607014,0.026310503,0.010102375,0.015185736,0.0004964499,0.02446591,0.0022699959,-0.0049260696,0.013119504,0.021262892,0.011324956,0.006895783,0.02496638,-0.015400224,0.020362042,0.045500014,-0.016644254,0.021563174,0.014456478,0.003194081,-0.018217163,-0.022249535,0.015671909,-0.0011957695,-0.031200826,-0.007650065,-0.029170342,-0.018374454,-0.04764489,0.0017829299,0.046386562,0.0026435622,-0.016944537,0.0036355683,0.016072286,0.0020948309,0.00035368145,-0.0056195804,-0.018889226]","{""h"":261.4285714285714,""s"":48.275862068965495,""l"":88.62745098039215}",#ded4f0
2,https://autolayout.oss-cn-beijing.aliyuncs.com/background/65155a6e05134197960fae026aa5ed12.png?OSSAccessKeyId=LTAI5t6QuPcFFd4HvdBWdaZw&Expires=4840139306&Signature=Iqdu1%2BfOGkw5j5IMFnW%2BnNqqTTo%3D,"{
  ""productType"": [""美容与健康""],
  ""cultureTendency"": ""/"",
  ""styleTendency"": ""写实场景"",
  ""titleUser"": ""对美容产品感兴趣的人群"",
  ""historyStyle"": ""波普艺术"",
  ""sense"": ""宁静而奢华的优雅"",
  ""otherSenses"": ""气味如同若有若无的怡人化妆品香气，声音则是化妆品轻触肌肤的细微声响"",
  ""festivalNode"": [""春季促销"", ""夏季促销""],
  ""colorTendency"": ""中性色系"",
  ""colorSorting"": [""#E8D4CD"", ""#CAB5A1"", ""#F3F2EF""]
}","[0.024922552,0.0040904246,-0.048153006,0.004782319,0.00071878184,-0.03240792,0.0031511683,0.047665454,-0.01821153,0.011873344,-0.00012200022,-0.017451521,-0.019860607,-0.06951929,0.014798661,0.08449003,-0.030744504,-0.025524823,0.0040832544,-0.0067934743,0.0067253606,0.017910395,-0.0065353583,-0.02698748,0.0078008445,-0.013966953,-0.031232057,0.07663183,0.033296987,0.023990465,-0.00811632,-0.044137865,0.02631351,0.009041236,0.010338987,0.002903807,-0.0020577596,0.0060442206,0.0021742703,-0.013364682,-0.02228403,-0.019774567,0.007707636,0.0061696935,0.025252366,-0.0064959237,-0.02165308,0.011199375,0.023388194,0.024506697,0.003850233,-0.05469195,0.0003683533,0.016935289,-0.025998035,-0.02440632,-0.012740902,0.017465862,-0.018627385,0.034903042,0.10393478,-0.031690933,0.0108122,0.0001116935,-0.020161742,-0.034013975,0.008008772,-0.000397481,-0.019803246,-0.024865191,0.07450954,-0.028263722,-0.02974072,0.018154172,-0.025338406,0.019229656,-0.049529627,0.0071842335,0.026098413,-0.050361335,-0.021337604,0.02026212,-0.037369486,0.009994832,-0.0128914695,-0.057760663,-0.035591353,0.0076144272,-0.076172955,0.06802795,-0.035017762,0.01284128,0.021122508,0.005431195,-0.027962586,0.00012412878,-0.057674628,-0.019315694,-0.011701267,0.054347795,0.03708269,-0.040266123,0.0034218319,0.019903626,0.018139832,0.011206544,0.0011238809,-0.008130659,-0.03430077,-0.019889286,-0.089595,-0.0037821191,-0.008575193,0.0686589,0.022370068,0.030572427,0.029998835,-0.036795896,-0.008991047,-0.027446354,-0.09624866,0.017250765,0.0047536395,-0.041642744,-0.007908393,0.009801245,0.00090430287,-0.045399766,-0.05466327,-0.03860271,0.0006847249,-0.005757425,-0.044654097,-0.067397006,0.0049579814,-0.0365091,-0.017652279,0.04987378,-0.053716846,-0.011421641,0.044338625,-0.05073417,0.022154972,0.02234139,-0.0146122435,-0.019659849,-0.03323963,0.028521838,-0.03914762,0.08213831,-0.048869997,-0.018713422,0.0012045421,-0.022427429,0.03564871,-0.07829524,0.050217938,-0.0202908,-0.07376387,-0.028636556,0.031690933,-0.06688077,0.01550131,-0.059940312,-0.0073168767,0.007937073,-0.039549135,-0.020563256,-0.013379022,-0.012819771,-0.012575994,-0.027546732,0.0017853036,0.0022137046,0.00880463,-0.020032683,0.0041513685,-0.004868358,0.0013246379,0.062349398,0.03711137,0.050361335,-0.019688528,-0.045657884,-0.023316495,-0.041040473,-0.0076000877,-0.012554484,0.012748071,-0.059882954,-0.013486571,-0.0031099415,0.02905241,0.017035669,0.024090843,-0.04511297,-0.0017315294,0.06917514,-0.0077363155,0.016720193,0.032809433,-0.024463678,0.039463095,-0.006352526,-0.020907411,0.036193624,0.0025309725,-0.015085457,-0.009980492,-0.02356027,0.028937692,-0.010389176,0.029855438,0.06200524,0.004233822,0.021954214,0.046002038,0.0013129868,-0.012984678,0.06951929,0.01961683,0.016763212,0.056355365,0.0024592737,-0.0123752365,0.02095043,0.041470665,-0.026786724,-0.03364114,-0.0297694,-0.004527788,0.033583783,-0.032838114,-0.008309907,-0.012740902,-0.032780755,0.018527005,0.011342772,0.009069916,-0.041986898,-0.019932305,0.022513466,0.0016822363,0.029453924,0.034128696,0.013651478,-8.155754e-05,-0.03779968,-0.038889505,-0.031863008,-0.0059223324,0.056298006,-0.024478018,0.027833529,0.024090843,-0.0007698673,-0.0052376073,-0.0035490976,-0.036021546,0.0047393,0.046977144,-0.0013264304,0.014447336,-0.029970156,0.024750473,0.014712622,0.011744286,-0.003445134,-0.01489904,0.00095269963,-0.013880915,-0.019487772,0.04267521,0.022456108,0.023359515,-0.024664436,-0.010238608,0.013644308,0.0053738356,0.014583564,-0.071354784,-0.016734533,0.016533775,-0.044482023,-0.009241994,0.01816851,0.026930122,-0.036853254,-0.046747707,-0.015443952,0.030629788,-0.040983114,-0.01834059,-0.041814823,-0.031404134,-0.02573992,0.01882814,-0.0043772203,0.0023481403,-0.024764813,0.067970596,-0.009736716,0.035878148,-0.012102781,0.0014070916,0.034903042,0.02158138,-0.05147984,0.033469066,0.003918347,-0.002158138,0.0058040293,0.027202578,-0.081507355,-0.006632152,-0.00048620842,-0.03576343,0.050189257,-0.03719741,-0.01284128,0.0029701286,-0.005821954,0.07491105,0.0052877967,0.017996434,-0.040036686,0.0059223324,-0.017810017,-0.01082654,-0.060341828,-0.049558308,-0.03037167,-0.007083855,0.026815403,0.01086239,-0.009600488,0.04201558,-0.0064493194,-0.007506879,0.01624698,-0.032207165,-0.061087497,-0.048009608,-0.006847249,0.03303887,0.025424443,-0.0050583603,-0.012877129,0.011349942,0.053602125,0.019301355,-0.030744504,0.020448538,-0.00043176205,-0.005334401,-0.06252147,-0.0075642383,0.00610158,-0.04101179,0.03323963,0.019516451,-0.031461496,0.037971757,-0.0003475158,0.014769982,-0.0042302376,-0.04462542,-0.005818369,0.04737866,-0.016849251,0.058305576,0.01950211,0.022097614,-0.024850853,-0.012274859,0.029181467,-0.0053057214,-0.040208764,-0.008166509,0.01015257,0.014389977,0.0040725,-0.004610242,0.0094786,0.017379822,-0.008460475,0.0043700505,0.03513248,-0.0025381425,-0.014519035,0.015472631,-0.08259718,-0.016576795,0.028120324,0.026887102,0.043592956,0.07089591,0.044883534,-0.00338419,-0.008403116,-0.020462878,-0.011192204,0.0012735524,0.037369486,-0.0070766853,0.03573475,-0.014225069,-0.011665418,0.024592737,0.019903626,0.0002066946,-0.037627604,0.015716407,0.023775369,-0.02020476,0.0008769676,0.03900422,0.035304558,0.054261755,0.034013975,0.0010584556,-0.04603072,0.0031547532,-0.0405816,-0.009285012,0.025510482,0.048411123,-0.04666167,-0.04663299,-0.052368905,-0.028593536,0.014447336,0.041528024,-0.03995065,0.020419858,-0.039061584,0.0006421536,-0.010195589,0.011435981,-0.008575193,-0.013185435,-0.0055889324,-0.027575413,0.010934088,0.015644709,0.05463459,0.007786505,-0.021739118,-0.031461496,-0.046202797,-0.026628986,0.02225535,-0.07198574,-0.0062019583,0.0176236,0.053831562,-0.006141014,-0.014354127,0.029425245,-0.012411086,0.04938623,0.024621416,0.01616094,0.05337269,-0.0048898677,0.024377638,-0.038057797,-0.0202191,0.013278644,-0.02228403,0.0085465135,-0.012282028,0.044826176,-0.048783958,0.027819188,-0.020993449,0.028851653,0.039291017,0.03765628,-0.00254352,0.03765628,0.030715825,-0.008159339,0.019243995,-0.021380624,0.013952614,0.031461496,-0.021108167,-0.0579901,-0.00065918214,0.0053594955,-0.040323485,0.004667601,-0.017652279,-0.007858204,-0.00038896676,0.024564056,0.010159739,0.00085680233,-0.046977144,0.043048043,0.002699465,0.009614828,0.049586985,0.06217732,0.0035652297,0.021753458,0.012231839,0.025768599,-0.018440967,-0.018656064,0.02761843,-0.018154172,0.00403665,0.0006072004,-0.009320862,-0.011314092,0.02301536,-0.013859405,-0.014418657,-0.026542947,0.030629788,-0.014411487,0.009019727,-0.004750055,-0.045743924,-0.007815184,-0.055781774,-0.031518854,-0.041413307,0.01897154,0.00321032,-0.0036620232,0.015443952,0.029855438,0.004416655,-0.009371052,-0.023875747,-0.008704252,0.027331635,0.025367085,-0.017695298,-0.008489154,-0.025840297,-0.023947446,0.02842146,-0.02301536,-0.022671204,0.010496724,0.019659849,0.010891069,-0.027976926,0.03249396,0.017709637,0.005994031,0.009528789,-0.008525004,0.00015628128,-0.0022513466,0.008381606,0.007245178,-0.031576212,0.029912798,0.0055100634,0.0032623017,0.0057789343,0.043506917,0.01285562,0.0026062564,0.0037749491,-0.026600307,-0.029912798,-0.009227653,-0.01686359,-0.005925917,-0.03920498,0.03237924,-0.018613044,-0.0108838985,0.019330034,-0.019717209,0.0067898897,0.0070121563,0.03668118,-0.040122725,0.009120105,0.003445134,-0.009026896,0.01550131,0.0049579814,-0.025295386,-0.019387392,0.034616247,0.02030514,0.010718991,-0.0015818578,0.01687793,0.0108337095,0.0060191257,-0.021853836,-0.01694963,-0.02367499,-0.03705401,-0.0018175681,0.008517834,0.06934721,-0.005409685,-0.016031882,0.0055064787,0.014648093,-0.018039454,0.025209347,0.0036817405,-0.0335551,-0.03315359,-0.0040330654,-0.013214114,-0.0039900457,0.008869159,-0.028435798,-0.0128126005,-0.012260519,0.021079488,-0.013192604,0.008847649,0.044424664,-0.006467244,-0.022513466,0.023918767,-0.004796659,0.024850853,0.0028231458,0.01418205,-0.027216917,-0.007363481,0.017695298,-0.00946426,0.0044919387,-0.016447736,-0.010310307,-0.0070049865,0.03166225,0.040868394,-0.037312128,0.014769982,-0.014942059,-0.014476016,-0.021050809,0.0059868614,0.012611844,-0.012188819,0.004577977,0.012999018,-0.012224669,-0.011378622,0.022728564,-0.0027855039,0.03312491,-0.007191404,0.050017178,-0.021997234,0.037398167,-0.024148203,-0.022757243,0.028249381,0.038201194,0.030142235,0.0014994041,-0.0013282228,0.044080507,0.023402534,0.03389926,0.028607877,0.044281263,0.039377056,-0.0023821972,-0.012052592,0.013651478,0.008589533,0.020692313,0.020620614,0.003714005,-0.019014558,0.00101454,0.024535377,-0.015773766,0.044768818,0.015730748,-0.015200175,0.01690661,-0.0051228893,0.040954433,0.015343573,0.020534577,0.02100779,-0.030027516,0.036795896,-0.0031099415,-0.037369486,0.034128696,-0.0035562674,0.003437964,-0.028837314,0.002263894,-0.03237924,0.020319479,-0.024549717,0.0029916381,0.0335551,-0.0033913597,-0.023588952,-0.015300553,-0.028550517,0.02433462,0.04121255,0.0029522039,0.022470448,-0.013292983,0.014067332,0.028134665,-0.04585864,0.027331635,-0.02971204,-0.01211712,-0.011543529,0.01963117,0.0048862826,-0.029181467,0.007894053,-0.024836512,-0.00879029,-0.016576795,-0.008360096,0.020505896,-0.018699083,0.025252366,-0.030572427,-0.0011373244,0.024893872,-0.025381424,0.002199365,-0.0025238027,-0.0093423715,-0.01284128,-0.008517834,0.04330616,0.012253349,0.004481184,-0.03177697,0.010346157,0.055695735,0.01283411,-0.02020476,-0.019416073,-0.0083672665,-0.021394962,0.017308123,0.004004386,0.007238008,0.026428228,-0.0018838897,0.04000801,-0.021423643,0.025410105,0.015157156,0.021753458,-0.0021133262,0.057731986,-0.03177697,-0.0126333535,0.0021473833,-0.017939074,-0.009930303,-0.003475606,0.024148203,0.012640523,0.00053774205,0.001249354,-0.017996434,0.01749454,0.043650314,-0.009428411,0.008654062,-0.01211712,0.014124691,-0.030744504,0.013601289,0.015673388,0.020319479,-0.038889505,0.026542947,0.015874146,-0.011371451,0.00073401787,-0.018842481,0.011342772,0.0075355587,-0.09401165,0.0086755715,0.03430077,-0.009973322,-0.010002002,-0.025639541,-0.013931104,0.013565439,0.043134082,0.023330836,0.018182851,-0.0038000438,-0.013974124,-0.016691513,0.0029360715,-0.00879746,0.06751172,0.0035186254,-0.018684743,0.0068185693,-0.053544767,0.03166225,-0.03237924,0.02908109,0.0010037852,-0.019157957,-0.013314493,0.0017073309,0.051193044,-0.029195808,-0.041671425,0.025510482,-0.03189169,-0.019989664,-0.011715607,0.014246579,-0.0020882315,0.014619414,0.009320862,0.002116911,0.021767797,-0.005001001,0.013171095,0.022728564,0.05552366,-0.04267521,-0.03986461,0.025510482,-0.0018148794,0.008446135,0.009636337,-0.030142235,0.06137429,-0.05492139,-0.014590734,-0.005940257,-0.012475615,-0.038803466,0.034243412,0.009428411,-0.02909543,0.004685526,0.02770447,-0.030687146,0.0017897848,-0.008410285,0.006911778,0.014970738,-0.0069368724,0.01423224,-0.0175519,0.014741302,0.0391763,-0.020706654,0.001851625,0.0078080143,0.0019950229,0.0060621453,-0.007815184,-0.024047824,0.009729546,0.00876878,0.031289417,0.05535158,0.011185034,0.025352744,-0.034214735,0.00087472703,0.008718591,-0.024119522,0.01891418,-0.034788325,0.01677755,-0.012260519,-0.036910612,0.00063050253,0.015472631,0.016634153,0.021739118,-0.0061302595,0.0012287406,0.009177464,-0.04912811,-0.03258,-0.009643507,0.003319661,0.005194588,0.009019727,0.03166225,-0.01753756,0.024650095,-0.021782137,-0.028105984,0.024019144,-0.004459674,-0.0054168548,0.018096812,0.017293785,0.028851653,-0.014956399,0.011328433,0.024090843,-0.010876729,0.020405518,-0.020505896,-0.004868358,-0.031604894,-0.01756624,-0.018570025,0.010274458,-0.018842481,-0.01957381,-0.0030454125,0.0125042945,-0.0043772203,-0.0054598744,0.024793493,-0.0036996652,0.0070551755,-0.0019089843,0.01013823,-0.0062987516,-0.018699083,-0.002002193,-0.018483987,0.0014787907,0.015587349,0.004642506,-0.012109951,-0.015157156,-0.014927719,-0.0039685364,-0.00541327,0.03372718,-0.0115793785,0.029310526,-0.030084874,0.0047393,-0.02367499,0.0033286233,0.011945043,0.0063991304,0.018182851,-0.013802046,-0.02632785,-0.042789925,-0.014074502,-0.00810198,0.011600888,-0.031863008,-0.01347223,-0.023746688,0.023832727,-0.030170914,-0.011880514,0.0129416585,0.03774232,0.0088118,0.019143617,0.010848049,-0.025123307,-7.377149e-05,-0.032350563,-0.0049579814,0.04861188,-0.002706635,0.020634955,-0.0161466,-0.041499346,0.0116295675,-0.0010387384,0.04671903,0.017408503,0.0008021319,0.013192604,0.015773766,-0.008460475,-0.0012278443,0.030629788,0.0024198391,0.04144199,-0.015429611,0.014769982,-0.016634153,-0.014354127,0.019946644,-0.022241011,-0.012246178,-0.00473213,-0.0024198391,-0.023244796,0.02776183,-0.03765628,0.005291382,0.02027646,0.013034867,0.036279663,0.032952834,-0.015157156,-0.0062987516,-0.013185435,0.0007098195,0.0021473833,0.03240792,-7.158691e-05,0.008869159,0.027388996,0.017265104,0.014067332,0.014318278,-0.014784321,-0.0083672665,0.014476016,0.0033752276,0.022154972,-0.022699883,-0.018813802,8.082935e-05,0.03593551,0.040638957,0.0021097413,0.0004523755,-0.007865374,-0.008173679,0.005674971,0.002903807,0.0040796697,0.004452504,0.0064313947,0.022097614,-0.0073312167,0.016390378,-0.0027424844,-0.0074065,0.014999418,-0.008460475,-0.008646892,0.014913379,0.020004004,0.013457891,-0.01487036,0.0297694,0.016691513,-0.028622216,0.011285413,-0.018068133,0.027417675,0.0016105374,-0.026155774,0.008259717,-0.010446535,-0.00944275,0.035390597,0.01013823,0.012382407,0.04115519,-0.027890887,-0.004925717,0.004538543,-0.009930303,0.013759026,-0.0044847685,-0.01900022,-0.0011937873,0.011780135,-0.012927319,-0.026973141,-0.041671425,0.00742084,0.005162324,-0.029324867,0.0018112945,-0.0054455344,-0.02432028,-0.00044968678,0.007499709,0.0013497325,0.020391177,-0.010439365,0.007169894,0.020061363,0.026270492,0.013142415,0.038172513,0.030314311,0.02506595,-0.0030525823,-0.0026205962,-0.024535377,-0.025625201,-0.010597103,-0.001192891,0.010116721,-0.011156355,0.037598923,0.050963607,-0.005495724,0.007958583,-0.0051587387,-0.006287997,0.014726962,0.02292932,-0.008223868,-0.014519035,-0.0091631245,0.017050007,0.018584365,-0.012705052,-0.010066531,-0.026542947,0.014590734,0.009743886,0.011902024,0.016089242,0.009686527,0.009636337,0.008087641,-0.001741388,0.008632552,-0.007230838,0.0012699674,-0.031031301,-0.030715825,0.03516116,-0.026227472,-0.0065855477,0.0038358932,0.008711421,0.0026528607,0.00403665,0.10284496,-0.020362498,-0.0072487625,-0.0048217536,0.012877129,-0.008575193,-0.0068185693,0.033870578,0.0028249382,-0.008553684,-0.012619013,0.022384409,0.012389577,0.0060549756,0.009686527,-0.0023445552,-0.046919785,0.006341771,-0.0015128476,-0.0016428019,0.008883499,0.008632552,-0.01485602,-0.024793493,-0.0003289189,-0.015329233,0.0034290017,-0.008188019,0.0013156756,0.0076287673,-0.011371451,0.024219902,-0.04525637,0.031031301,0.019129276,-0.0022280444,-0.025137648,-0.009077086,0.0074710296,-0.031260736,0.0014393562,-0.023388194,0.012912979,0.012640523,0.025811618,0.0075642383,-0.02635653,0.0097797355,0.004395145,0.0058255387,0.006141014,0.031174699,0.011392961,0.0030543748,-0.0069189477,-0.011357112,0.022327049,-0.005614027,-0.020907411,0.01565905,-0.000488449,0.026514268,-0.0032210748,0.015802447,0.01900022,0.0028374854,0.0352472,0.0116295675,-0.018742103,0.035275877,0.01753756,0.023230456,0.010611443,-0.031404134,0.013042037,0.03237924,0.023588952,-0.007384991,0.034673605,-0.05885049,0.0031583384,0.03447285,0.023947446,-0.016791891,-0.017265104,-0.028779954,-0.040724996,0.012877129,-0.03240792,0.0061374293,-0.014698283,-0.01280543,0.013379022,0.028880332,-0.009923133,-0.012912979,-0.015171495,-0.007370651,0.014605074,-0.009206144,0.01353676,0.009736716,0.0026922952,0.044309944,-0.041700102,-0.006037051,-0.02502293,0.05004586,0.020821372,-0.016834911,0.0057287454,0.0060979947,0.005538743,-0.00708744,-0.0128914695,-0.01278392,-0.006531773,-0.027847867,-0.034128696,-0.017996434,-0.01565905,-0.017766997,-0.018139832,-0.020835713,-0.004728545,-0.0015388385,0.0074638594,-0.028062964,-0.030027516,0.007815184,-0.00041092455,-0.014038652,0.00060406356,0.0030758844,-0.00039367197,-0.009679357,-0.033469066,-0.013371852,-0.00371042,0.029267507,0.021466663,-0.027403334,-0.002120496,0.002903807,-0.008481984,-0.008618212,0.029539963,0.022513466,-0.03375586,-0.027059179,0.008969537,0.0023087058,-0.0017691713,-0.009629168,-0.007750655,0.015128477,-0.011256733,0.0016777552,-0.02833542,0.022699883,0.014726962,0.019860607,-0.02974072,0.009492939,0.0025937092,-0.007764995,-0.022828942,0.00084111816,1.40457105e-05,-0.02361763,0.030543748,-0.03974989,0.026571626,0.019143617,-0.007220083,0.022757243,0.026528608,0.048296407,-0.02367499,-0.025825959,-0.02974072,-0.03986461,0.00031413097,-0.020792693,0.0032300372,-0.029066749,0.011407301,-0.024535377,0.032608677,-9.270449e-05,0.0015531783,-0.033956617,0.012411086,-0.0004463259,0.0137375165,0.041614063,-0.003785704,-0.0004561845,0.0049794912,0.007944242,-0.053114574,-0.0026779554,-0.015200175,0.043048043,0.029568642,-0.031404134,0.014009973,-0.01086239,-0.04121255,-0.023431214,0.042818606,-0.009765396,-0.030830543,-0.0061696935,0.018154172,0.025453124,0.016117921,0.06160373,0.00038851862,0.0052304375,0.023588952,-0.0006708332,-0.003407492,-0.02161006,-0.03734081,0.03800044,0.01423224,0.023459893,0.020233441,-0.019559471,-0.003778534,0.076918624,0.011392961,-0.022742903,0.048382442,0.013873745,-0.0243633,-3.248858e-05,-0.010969938,-0.005022511,0.0021491756,-0.051766634,-0.019688528,0.0061804485,-0.05936672,-0.017322464,0.0061051645,-0.002138421,0.020118723,0.04519901,-0.044654097,0.015415272,0.0013076094,0.0036781556,0.025309725,-0.023388194,-0.009198974,-0.0042194827,0.030256953,-0.014038652,-0.020477217,-0.012009572,-0.009120105,-0.0069691367,0.011235224,0.046575632,0.00093567115,-0.0012144007,0.04144199,-0.008919348,0.011192204,0.022169312,-0.018483987,0.034960404,0.020018343,0.0061159194,0.014970738,-0.009865774,0.008130659,0.018584365,0.0067002657,-0.00064304983,-0.009026896,0.0070659304,0.025596522,-0.01152919,-0.032121126,0.029425245,0.032149803,0.01819719,0.0056391214,-0.011127675,-0.04519901,-0.012310708,0.035447955,0.01967419,0.016046222,-0.030543748,-0.039635174,-0.0030956017,0.030945262,-0.042245016,-0.0034128695,0.017652279,0.006341771,0.034013975,0.02556784,0.001079069,-0.00015740158,0.004122689,0.009880113,-0.030744504,-0.0038860824,-0.012669203,-0.0008675572,0.0009885491,-0.044395983,0.005527988,-0.031203378,0.0006036154,-0.0025686144,-0.00143846,0.05343005,-0.027288616,0.007987262,-0.010926918,0.01151485,-0.010288797,0.002342763,0.017236425,0.006148184,0.018799461,0.015730748,0.017150385,0.012740902,0.023804048,0.0023983296,0.017752657,-0.011701267,0.0036369287,0.009241994,-0.03926234,0.020548915,0.0027837113,-0.008338586,0.017265104,0.019287014,-0.00043198612,0.014813,0.049070753,0.028536178,0.02707352,-0.0017136047,0.003975706,-0.008589533,0.016132262,0.012217499,-0.020663634,-0.005678556,0.019731548,0.007958583,0.013988463,0.019186636,-0.0067970594,0.028536178,0.046174116,0.008195189,0.0033178683,0.010260118,-0.004814584,-0.013099396,-0.027331635,0.023072718,0.008374436,-0.04109783,0.0019502111,-0.015028098,-0.033612464,-0.0567282,-0.0056534614,0.04201558,-0.01957381,-0.015472631,0.0021724778,0.020147402,0.0050404356,-0.008840479,0.00071564503,-0.015171495]","{""h"":28.800000000000004,""s"":30.487804878048774,""l"":67.84313725490196}",#c6ac94
3,https://autolayout.oss-cn-beijing.aliyuncs.com/background/blevinsjessica_a_pink_color_gradient_background_with_a_pink_swo_29a2c641-9970-4abd-8866-850ab911b599.png?OSSAccessKeyId=LTAI5t6QuPcFFd4HvdBWdaZw&Expires=4840139307&Signature=yK9qzkweOZzfEC3s6LPUfVvzYNI%3D,"{
  ""productType"": [""美容与健康"", ""服装与配饰"", ""日常用品""],
  ""cultureTendency"": ""/"",
  ""styleTendency"": ""极简精致"",
  ""titleUser"": ""年轻女性与成年女性群体"",
  ""historyStyle"": ""极简主义"",
  ""sense"": ""宁静与优雅"",
  ""otherSenses"": ""气味如同轻柔细腻的花香气息，声音则似微风轻拂般的声响"",
  ""festivalNode"": [""母亲节促销"", ""情人节促销""],
  ""colorTendency"": ""粉紫色系"",
  ""colorSorting"": [""#FF69B4"", ""#FFA07A"", ""#FFE4E1""]
}","[0.047890205,-0.0068690595,-0.04351959,-0.011479524,0.012871991,-0.041600782,0.014697522,0.031926803,-0.019108111,-0.003844275,-0.008661278,0.006049569,-0.040907882,-0.059642892,0.023292175,0.06891712,-0.042640135,-0.006902372,0.019814339,0.0318202,-0.011539487,0.026929911,0.010340233,-0.01712268,0.019521188,-0.0018555121,-0.03744337,0.08074976,0.04743715,0.02219952,0.011539487,-0.038402773,0.033419207,0.023745226,0.02830239,0.0066791777,-0.014910723,-0.011526162,0.023532026,-0.011266324,-0.03685707,-0.014497646,0.02198632,-0.0070489477,0.024358178,-0.0045838146,-0.025264282,0.054046374,0.018095408,0.018548459,0.0025334237,-0.06854402,0.007681887,0.0035211425,-0.04434574,-0.005776406,-0.0067824465,0.0315537,0.008161589,0.032939505,0.066891715,-0.03749667,-0.02034734,0.01080661,0.014271121,-0.02209292,0.025224306,-0.016976105,0.004397264,-0.00694901,0.054179624,-0.04346629,-0.010666696,0.023118949,-0.0023418763,0.022652572,-0.044852093,-0.0010551768,-0.0015940082,-0.017349206,-0.013598206,0.017575732,-0.026756685,0.023985077,-0.018468508,-0.0624678,-0.03403216,0.03453851,-0.05910989,0.054845877,-0.03720352,0.0056797992,0.0032862886,-0.007348761,-0.00025026096,-0.0005921316,-0.041041132,-0.018615084,-0.033285957,0.05012881,0.029315094,-0.05948299,0.01241894,0.028648842,-0.014684197,0.013171805,-0.014177846,-0.03997513,-0.031953454,0.0023985077,-0.07733855,0.015443725,-0.0022569292,0.08272187,0.03741672,0.022479348,0.019947588,-0.027236387,-0.004980235,-0.012658791,-0.06918362,-0.005176779,0.00043098186,-0.017802257,-0.040934533,0.009973794,-0.014417696,-0.032033402,-0.07552634,-0.010919873,0.017775606,-0.002586724,-0.035204764,-0.05383317,0.0020803723,-0.030247847,-0.008421427,0.058523588,-0.0623612,-0.031793553,0.043866042,-0.048156705,0.036563918,0.0108599095,0.0035078174,-0.024118327,-0.018348584,0.025570758,-0.026210358,0.10723995,-0.029661546,0.0032329885,0.019694412,-0.006146176,0.038589325,-0.041760683,0.054792576,-0.03429866,-0.06470641,-0.02610376,0.03110065,-0.051194813,-0.009101004,-0.044852093,0.018335259,-0.0108798975,-0.016682953,-0.03997513,-0.02381185,-0.026929911,0.008388114,-0.050901663,0.011792663,0.010320245,0.006032913,-0.02677001,-0.0058696815,-0.011492849,0.008241539,0.07371414,0.054792576,0.042746738,-0.020174114,-0.06550591,-0.036697168,-0.042053834,-0.008241539,-0.012005864,-0.010520121,-0.045305144,-0.0309141,-0.008841165,0.032886207,0.018375235,0.034138758,-0.04994226,-0.005369992,0.05380652,-0.0038675936,0.029954696,0.009693968,-0.010426846,0.021280093,-0.01738918,-0.0315537,0.025624057,-0.03083415,-0.029048594,-0.007242161,-0.033232655,0.0470374,-0.007921738,0.010213645,0.042400286,0.0034578487,0.024278227,0.053726573,-0.037070267,-0.0028065871,0.051274765,0.028488941,0.0062294574,0.07488674,0.008474727,-0.0063293953,-0.008308164,0.03765657,-0.034991562,-0.05010216,-0.035577863,0.00124839,0.030487698,-0.03416541,0.013818069,-0.0043739453,-0.033552457,0.0015132251,-0.004803678,0.018774984,-0.038296174,-0.039788578,0.017269256,0.012345652,0.03424536,0.03184685,0.01682953,0.0036110866,-0.052100915,-0.018774984,-0.005626499,0.02623701,0.033419207,-0.016816204,0.009367505,0.015763525,-0.01405792,0.010553434,0.025264282,-0.011672737,0.00467709,0.036937017,-0.00019362953,0.031766903,-0.023025673,0.018308608,0.006495958,0.018175358,-0.0044905394,-0.0060529006,-0.013698144,-0.014790798,-0.036270767,0.02653016,0.048902906,0.01701608,-0.004127432,-0.022412721,0.007735187,0.0046604336,0.0010118705,-0.055645376,-0.008308164,0.042800035,-0.07216843,-0.0069090347,0.030860798,0.0312872,-0.0309674,-0.03453851,-0.014684197,0.006735809,-0.038269524,-0.032406505,-0.060922094,-0.053566672,-0.012931954,0.025317581,0.021240119,0.0041907257,-0.02182642,0.07302123,0.005150129,0.018188683,-0.025783958,0.03728347,0.013438306,0.025717333,-0.03110065,0.027116463,0.026889937,-0.009773918,-0.00074620236,0.017948832,-0.08202896,-0.01112641,-0.00554988,-0.03083415,0.060815495,-0.014151195,-0.038642623,0.0075153243,0.011699388,0.08101626,0.019374613,0.0062427823,-0.024131652,0.021320067,-0.04088123,-0.025997158,-0.0625744,-0.048343256,-0.024824554,-0.001648974,0.023425424,0.004840322,-0.014497646,0.02661011,0.0058730124,0.01607,0.046397798,-0.030007996,-0.07318114,-0.03200675,-0.021546595,-0.0018754997,-0.0026233678,0.0037310119,-0.017722307,0.014217821,0.045651596,0.00705561,-0.019321311,0.03405881,-0.0044005956,-0.0055398867,-0.045358445,0.036030915,-0.0015082282,-0.03536466,0.030301146,0.02502443,-0.039095674,0.047863554,-0.000757029,0.027396288,-0.022026295,-0.032646354,0.007781825,0.060655594,-0.0230923,0.0617749,0.00022923238,0.029261794,-0.017788932,-0.0035311363,0.024518078,-0.00694901,-0.01682953,-0.0056464868,0.026703386,0.018828286,-0.007501999,-0.0051201475,0.027396288,0.01405792,-0.0022186197,-0.0071888603,0.023851827,0.017522432,-0.010446833,0.003302945,-0.058630187,-0.00996047,0.030434398,0.021972995,0.028808743,0.051194813,0.039548725,-0.008294839,-0.0033762327,0.0044372394,-0.008121613,-0.0001749953,0.024358178,-0.0029381718,0.04082793,-0.026037134,0.0024934486,0.016256552,0.009287555,0.0077218623,-0.03437861,0.032219954,0.036430668,-0.016003376,-0.030620947,0.019880963,0.044958696,0.059909392,0.021280093,-0.025823932,-0.055005778,0.0020104158,-0.030274497,-0.0131851295,0.027422938,0.058630187,-0.044905394,-0.05623168,-0.07456694,-0.032646354,-0.0062694326,0.01836191,-0.04058808,0.036030915,-0.03704362,-9.998987e-05,0.021893045,0.02354535,-0.014804122,0.0072021857,0.011312962,-0.031900153,0.007695212,0.024411479,0.041920584,0.004497202,-0.005096829,-0.03672382,-0.042133786,-0.04351959,0.014870748,-0.057137784,-0.015257174,-0.007335436,0.057724085,-0.025970507,-0.0057664122,0.031153949,0.0126854405,0.047383852,0.014404371,0.0113795865,0.0307542,-0.027196413,0.016296526,-0.027263038,-0.032353204,0.040188327,-0.027902639,0.011326286,-0.0315004,-0.0035111487,-0.027982589,0.029634895,-0.020653816,0.015803501,0.05015546,0.022652572,0.0043906015,0.03776317,0.041307632,-0.004996891,-0.0053599984,-0.03715022,-0.012958604,0.028275741,-0.009693968,-0.05985609,0.011672737,-0.006362708,-0.036350716,0.0025600737,-0.0149240475,-0.008787866,-0.004417252,0.036350716,0.029288445,-0.018641734,-0.065772414,0.030514348,0.02462468,0.043439638,0.0470907,0.0469841,-0.009594031,0.041813985,-0.021573244,0.019174736,-0.029261794,-0.05607178,0.008088301,-0.0036344053,0.0019271343,0.0068557346,-0.010626721,0.008174914,0.036457315,-0.02779604,-0.012272364,-0.017669007,0.027103137,-0.025823932,0.0073554236,-0.019947588,-0.057670783,-0.00065542554,-0.054685976,-0.03136715,-0.038935773,0.0037576621,-0.0008952763,-0.009927156,0.02483788,0.04378609,0.01878831,0.00081699167,-0.015310474,0.005203429,0.028675491,0.018055433,-0.020813717,-0.017828908,-0.027609488,-0.020547215,0.017722307,-0.031153949,-0.014151195,-0.017842231,0.054579373,0.022612598,-0.018335259,0.022812473,-0.0022735854,0.0062760953,0.01607,-0.014484322,0.013518256,0.010759972,0.012678778,-0.0036344053,-0.023998402,0.04938261,-0.003501155,0.0133583555,-0.012991916,0.020880342,0.041787334,-0.0052700546,-0.0021736475,-0.013178467,-0.010826597,-0.006995647,-0.018841611,0.0031930134,-0.027223062,0.0063460516,-0.023198899,0.0065459274,0.013305055,0.00068790535,0.010826597,0.01400462,0.034431912,-0.049009506,0.007208848,0.033579107,0.028648842,0.01104646,0.009494093,-0.03480501,-0.0077684997,0.051621214,0.023958426,0.00076160947,-0.0035877677,-0.0020337347,0.02327885,0.0031830196,-0.0313938,-0.0077684997,-0.029474994,-0.04082793,0.002793262,0.0031030693,0.054685976,0.01036022,-0.024957804,0.010666696,0.01416452,-0.03405881,0.032912854,0.011666074,-0.045278493,-0.00050426956,0.0023868482,-0.017615706,-0.00050302036,0.004973572,-0.014364396,-0.02040064,-0.009940482,0.006339389,-0.030301146,0.010893222,0.041467533,-0.013078529,-0.030221196,0.021866394,-0.0036110866,0.031153949,-0.0074820113,-0.0044538956,-0.025743982,-0.0020204096,0.025357556,0.006296083,0.01860176,-0.017282581,-0.005086835,-0.019521188,0.0138580445,0.023452075,-0.036084216,0.009567381,-0.018375235,-0.016376477,-0.035950966,-0.004340633,0.016176602,-0.0041207694,0.0237319,0.021573244,0.00779515,-0.008687927,0.013711469,0.019574488,0.024584703,-0.004573821,0.036084216,-0.016922804,0.040348228,-0.0039442126,-0.0140978955,0.02690326,0.03469841,0.016616328,0.010919873,0.0019654438,0.05628498,0.059802793,0.032513104,0.038775872,0.037070267,0.018961536,0.0027566182,0.0031796882,0.017615706,-0.0010118705,0.01593675,0.007655237,0.007595274,-0.0015415408,0.006159501,0.010073733,-0.023212224,0.025544107,0.01870836,-0.01036022,0.023198899,-0.012692103,0.023198899,0.022159547,0.035338014,0.02026739,-0.038509373,0.029501645,0.007442036,-0.021999646,0.021040242,-0.0084880525,0.0041507506,-0.031607002,0.009034379,-0.031793553,0.026783336,-0.010486809,0.002978147,0.028488941,-0.009167629,-0.007755175,-0.010446833,-0.024331529,0.009873857,0.0114661995,-0.01104646,0.0311806,-0.011659413,0.0047603715,0.009813894,-0.056977883,0.035791066,-0.027103137,-0.011539487,-0.023158925,0.011233011,0.012738741,-0.035737764,0.0013724794,-0.015017323,-0.0023418763,0.010626721,-0.0033412545,0.03728347,-0.014630897,0.01577685,-0.032886207,0.016576353,0.010593409,-0.025264282,0.008954429,0.00023485388,-0.028488941,-0.013145154,-0.016563028,0.04658435,0.012878654,0.008048326,-0.030087946,0.004380608,0.05348672,0.011139736,-0.0069223596,0.0048203343,-0.010553434,-0.023745226,0.016443104,0.017722307,0.002396842,0.041494183,0.0059529627,0.041307632,-0.008994404,0.024398154,0.0076752244,0.028782092,-0.015710225,0.05649818,-0.052394066,-0.018042108,0.0074287113,-0.010606734,-0.0019704406,-0.002261926,-0.007888425,0.019014835,-0.0037376746,0.008021676,-0.019774362,0.016722929,0.0645465,-0.007868438,0.012059163,-0.026543485,0.016109977,-0.045358445,0.016523052,-0.0064626457,0.020307366,-0.058896687,0.03395221,0.015057298,-0.017615706,-0.005096829,-0.00175724,0.021120192,0.0044372394,-0.09151639,0.02814249,0.012632141,-0.010493471,-0.019254686,-0.02814249,-0.03432531,0.027236387,0.031953454,0.009740606,0.0009918829,0.0057330998,-0.024065027,-0.028995292,0.009574044,0.0003173026,0.08000356,-0.006312739,-0.025823932,0.010839922,-0.0468242,0.012638803,-0.038269524,0.019774362,0.0069290223,-0.02381185,-0.012378965,0.0015465377,0.05354002,-0.015203874,-0.036297414,0.0009177623,-0.02029404,-0.039042376,-0.005916319,0.04365284,0.00083822844,-0.0025700675,0.0014540952,0.011752687,0.0136848185,-0.0077018747,0.017509107,0.045251846,0.029101893,-0.051541265,-0.025490807,0.014324421,-0.0021519945,0.008001688,0.023532026,-0.014830773,0.045278493,-0.055485476,-0.004027494,-0.011786,-0.008581327,-0.040481478,0.05220752,0.0022969043,-0.03744337,0.009167629,0.00512681,-0.02502443,-0.012259039,-0.0107066715,0.018988186,0.017629031,-0.0056531494,-0.0058463626,-0.012452252,0.016483078,0.045598295,-0.020680467,0.01722928,0.008141601,0.0028548904,0.016536377,-0.019441238,-0.026756685,0.006492627,-0.0052300794,0.026223684,0.046104647,0.018641734,0.0052833795,-0.04349294,-0.0068057654,-0.00010149935,-0.020733766,0.021493293,-0.011739363,0.00779515,0.011159724,-0.050981615,0.011726038,-0.00076494075,0.0071755354,0.008094964,0.0034095454,-0.008394777,-0.01397797,-0.017988808,-0.023585325,0.012425602,0.008987742,0.0041607446,-0.0115328245,0.020227415,-0.0046604336,0.02032069,-0.0119459005,-0.0027549525,0.020787066,-0.024984455,-0.006136182,0.0019904282,0.006419339,0.01852181,-0.024358178,-0.0010052079,0.022812473,0.0069823223,0.020200765,-0.016989429,0.01701608,-0.032113355,-0.020960292,-0.030860798,0.0136848185,-0.018082082,-0.0070689353,-0.002888203,0.014537621,0.01714933,-0.0058730124,0.013058541,-0.019347962,0.020733766,0.016096652,0.008734565,-0.0018488497,-0.0020970285,-0.007088923,-0.026370259,0.0067524654,0.016323177,-0.0032279915,0.008961091,-0.004523852,-0.020147465,-0.00019144338,-0.0054599363,0.020254064,-0.027342988,0.033552457,-0.024638005,-0.008934441,-0.0157502,-0.008001688,0.010680022,0.01411122,0.021919696,-0.036377367,-0.02758284,-0.0467176,-0.018308608,-0.008707915,0.017882207,-0.018268634,-0.019721063,-0.028515592,0.032566406,-0.02491783,-0.008201564,0.00011690643,0.016189927,0.01112641,0.015950076,-0.007088923,-0.010420184,0.015350449,-0.03120725,0.0008282347,0.04685085,0.011639425,-0.0043373015,-0.03136715,-0.038242873,0.010007107,-0.0005284212,0.050795063,0.01878831,0.0049369284,0.039069027,0.004983566,-0.0018988185,0.00081532606,0.035178114,-0.0051701167,0.05926979,-0.020200765,0.009893844,-0.002132007,0.00019862641,0.012871991,-0.016323177,0.0042373636,0.0056764684,0.0075353114,-0.0013325042,0.021160169,-0.027476238,-0.016629653,0.02317225,0.015816826,0.018348584,0.023425424,0.010739984,-0.00061045354,-0.0076485747,0.010326908,0.02787599,0.049302656,-0.008541352,0.019268012,0.025970507,0.019347962,0.015217199,0.007975038,-0.03421871,-0.022905748,0.027342988,0.011899263,0.026023809,-0.020254064,-0.009234254,0.011819313,0.0309141,0.031473752,-0.020680467,0.0015423737,0.026050458,-0.010153683,-0.01865506,0.0008619637,0.009134317,-0.017295904,0.005253398,0.021386694,-0.009667318,0.02645021,0.00030106268,0.00045638272,0.010540109,0.0060262503,-0.002631696,0.00052342436,0.020120814,0.010673359,-0.0130985165,0.004573821,-0.0006179488,-0.02846229,-0.0009485765,0.0038875812,0.013511593,-0.00425402,-0.020747092,-0.005123479,0.0109665105,-0.0012225726,0.017215956,0.010786622,0.01556365,0.019507863,-0.019281337,0.0096206805,0.007435374,-0.009114329,0.021639869,-0.0010893223,0.0064293332,0.007375411,0.0036277429,-0.012852004,-0.027556188,-0.031633653,-0.0032546418,-0.014497646,-0.02803589,-0.005210092,-0.025530782,-0.014790798,-0.0231456,0.008428089,0.01892156,0.017669007,-0.029075243,0.028648842,0.021200143,0.020693792,0.028488941,0.029501645,0.030381097,0.019854313,-0.016629653,-0.0041907257,-0.007088923,-0.032886207,-0.008154926,0.009414143,0.007881762,-0.0010285267,0.029501645,0.030434398,-0.012245715,0.0021603226,0.01545705,0.00034728393,0.010246958,0.028808743,-0.004833659,-0.010500134,-0.021333393,0.020906992,0.025464157,0.0001755158,-0.018241983,-0.015017323,0.010613397,0.011819313,0.0089677535,0.020587191,0.016976105,0.004177401,0.0071688727,-0.0032496448,0.005563205,-0.00930088,-0.010646709,-0.029261794,-0.03158035,0.057084482,-0.0028898686,-0.009360842,0.0084680645,0.00033312605,0.00083198235,0.0004284834,0.09066359,-0.029554944,-0.012292352,0.003104735,0.011306299,-0.0012633806,-0.038802523,0.027902639,-0.0073687485,0.006272764,0.008261526,0.029288445,0.00784845,0.024038376,0.006642534,0.004710403,-0.04026828,0.032086704,0.005609843,-0.008281514,0.020667141,0.026463535,-0.0053066984,-0.024877856,0.0061062006,-0.019387936,-0.0017822245,0.0031530382,0.0159101,0.018308608,-0.017535755,0.030407747,-0.038589325,-0.0035344677,0.03363241,-0.011579462,-0.009034379,-0.008194901,0.010340233,-0.039255574,-0.011079773,-0.007828463,0.010773297,0.010153683,0.032433152,0.028782092,-0.010460159,0.00055257283,0.014790798,0.011845963,0.0057997247,0.01902816,0.02064049,-0.00779515,0.003987519,-0.0033462513,0.014271121,-0.015283824,-0.016736254,0.009041041,0.0026933243,0.018801635,0.007908413,0.023838501,0.025677357,-0.0006699998,0.0060895444,0.02846229,-0.01892156,0.028675491,0.0027133117,0.009367505,0.012192414,-0.019241361,0.00694901,0.029874746,0.01379142,-0.020800391,0.029315094,-0.05948299,0.024184952,0.05023541,0.01908146,-0.008721241,-0.0069156974,-0.04053478,-0.045118593,0.019347962,-0.018308608,0.0036910367,-0.007921738,-0.011059785,-0.010766635,0.029634895,-0.020200765,-0.008841165,-0.006372702,0.006489296,0.026929911,0.006519277,0.007808475,0.0045804833,-0.0011992538,0.04418584,-0.029235143,-0.02618371,-0.019454563,0.017242605,0.011392912,-0.007095585,0.01725593,0.01599005,0.003437861,-0.003934219,-0.021546595,0.009267567,0.007475349,-0.02655681,-0.02795594,-0.021546595,-0.0012167429,-0.02338545,0.0015615284,-0.012099138,0.0050901663,0.0062294574,-0.015177224,0.0029431689,-0.041893933,0.012792041,0.002798259,-0.010813273,-0.0048902906,0.020240739,0.015323799,-0.00930088,-0.0116261,-0.02217287,0.011885938,0.0088811405,0.036110867,-0.010553434,-0.005303367,0.0023768544,0.0068823844,3.404132e-05,0.00768855,0.019547837,-0.016616328,-0.0030564317,-0.0020953629,0.021266768,-0.006119526,-0.019307986,-0.009047704,2.5862814e-06,0.014151195,-0.0025800613,-0.017442482,0.031073999,0.003667718,0.016589679,-0.02013414,0.010386871,0.00087528874,-0.002055388,-0.007375411,-0.0025650708,0.0069756596,-0.02029404,0.022959048,-0.025983833,0.010899885,0.030940749,-0.0126188155,0.013538243,0.013624856,0.030221196,-0.0032546418,-0.011919251,-0.04008173,-0.025903882,-0.0007890924,-0.033152707,0.009927156,-0.039548725,-0.0003499906,-0.021706494,0.03715022,0.006232789,0.007935063,-0.028995292,0.017535755,-0.011612775,0.021146843,0.03720352,0.0022969043,0.00061878166,-0.0020670472,0.031153949,-0.054206274,0.0154837,-0.0234121,0.03469841,0.0062527764,-0.0307542,0.00837479,0.0027965934,-0.02822244,-0.015630275,0.045571648,0.0030880787,-0.0044505643,-0.013471618,0.02349205,0.008548015,0.005992938,0.05532558,-0.004830328,-0.0046337834,0.021599894,-0.0031930134,-0.002420161,-0.02634361,-0.030620947,0.025930533,0.004170738,0.012652128,0.032673005,-0.022972373,-0.002848228,0.076698944,0.015883451,-0.018908236,0.056551483,0.014017945,-0.021893045,0.0010335236,-0.0032546418,-0.009167629,0.022239497,-0.055112377,-0.00430732,0.007808475,-0.06758462,-0.005686462,0.013804744,-0.011646087,0.008088301,0.05953629,-0.036164165,0.0016431443,0.0026799992,-0.0041340943,-0.005749756,-0.011965889,-0.012099138,0.0025184331,0.042133786,-0.024771255,-0.005216754,-0.012725416,-0.011932576,-0.00475704,0.009081016,0.06673181,-0.0073420983,-0.014964023,0.022852449,0.0002252765,-0.0057597496,0.01878831,-0.0018588435,0.020067515,0.003974194,-0.015363774,0.02486453,-0.005056854,0.003847606,0.02690326,-0.013171805,-0.0041973884,-0.013611531,0.0010893223,0.023931777,-0.02000089,-0.032619704,0.036244117,0.022759173,0.029501645,0.010660034,0.0042673447,-0.03832282,-0.0041141068,0.03784312,0.032539755,0.016776228,-0.0316603,-0.04112108,-0.00784845,0.030141246,-0.038082972,-0.021346718,0.0027249712,-0.0066791777,0.024105001,0.0317136,0.006162832,-0.010853247,-0.0028665499,-0.0017372525,-0.026356934,0.013404993,0.0023068981,0.0036910367,0.0051701167,-0.032486454,0.024478104,-0.046531048,0.0038309498,-0.012805366,0.0034545173,0.04970241,-0.016816204,-0.002843231,-0.008161589,0.008368127,0.00036539766,-0.012305677,0.023825176,0.020227415,0.018401884,0.013498268,0.010406858,0.017669007,0.004110776,0.016403127,0.009600693,-0.00438727,0.004787022,0.0027183087,-0.03451186,0.016309852,0.004547171,-0.007975038,0.02483788,0.01870836,-0.010500134,0.011526162,0.05010216,0.028648842,0.021053568,0.0014865751,0.0071888603,-0.0046337834,0.030567648,-0.004587146,-0.013804744,0.008254864,0.009920495,0.0030847474,0.02209292,0.02483788,-0.008421427,0.021426668,0.04008173,0.0063327267,0.011166385,0.007142223,0.029661546,-0.013964645,-0.035977617,0.010007107,-0.0014391046,-0.035497915,0.015870126,-0.011779338,-0.004230701,-0.036244117,0.014964023,0.03659057,-0.0028498934,-0.019068137,0.0153771,0.01006707,0.012971929,-0.017589057,-0.0061228573,-0.016736254]","{""h"":343.40425531914894,""s"":74.60317460317464,""l"":87.6470588235294}",#f7c8d5
4,https://autolayout.oss-cn-beijing.aliyuncs.com/background/cce3241799ff46c08bcd593944120c15.png?OSSAccessKeyId=LTAI5t6QuPcFFd4HvdBWdaZw&Expires=4840139305&Signature=Xn4Szhmea3SQb0gWGSjpttPxdCY%3D,"  {
    ""productType"": [""消费电子"", ""美容与健康"", ""手机"", ""电脑与办公"", ""汽车及配件""],
    ""cultureTendency"": ""/"",
    ""styleTendency"": ""前沿潮流"",
    ""titleUser"": ""科技爱好者、精通技术的年轻人、专业人士"",
    ""historyStyle"": ""国际风格"",
    ""sense"": ""流畅、现代与创新"",
    ""otherSenses"": ""若有若无的新科技气息，伴随如柔和电子嗡鸣般顺滑的声响"",
    ""festivalNode"": [""夏季促销"", ""冬季促销""],
    ""colorTendency"": ""蓝绿色系"",
    ""colorSorting"": [""#e8e8e8"", ""#b8e1ff"", ""#f4e1ff""]
  }
","[0.024154399,-0.006482071,-0.051649615,-0.016408436,0.028012598,-0.015358887,-0.0058501246,0.058006037,-0.011426775,-0.0087216,-0.014501509,-0.03255079,-0.03204819,-0.041893248,0.022084868,0.04824967,-0.06592939,-0.02447961,-0.00996332,0.023932664,0.010325489,0.038463738,0.027672604,-0.013281963,-0.015048456,0.02447961,-0.061376415,0.12358065,0.04195238,0.0052403514,-0.014102384,-0.04065153,0.044258427,0.0038840687,0.012941969,-0.009120725,0.0077681374,-0.0031301677,0.03213688,-0.0035292918,-0.012845883,-0.030983856,0.04313497,0.023400499,0.018477967,-0.025130035,-0.049047917,-0.0049225306,0.01626061,0.044849724,0.011182866,-0.065219834,0.022779638,0.0040318924,-0.045618407,-0.020340547,0.00042984373,0.015166716,0.019852728,0.014494117,0.06492419,-0.043371484,0.029756919,0.01942404,0.008307694,-0.051383533,0.0112863425,0.0042499327,-0.013570219,-0.040562835,0.06001644,-0.031397764,-0.026608273,-0.0014976392,0.01096113,0.01756146,-0.04283932,-0.016083224,0.023962228,-0.021774437,-0.0069883675,0.02471613,-0.043667134,0.034354236,-0.054280877,-0.023873534,-0.026327409,-0.021937042,-0.08337259,0.05123571,-0.054724347,0.012868057,0.022543121,-0.0017027447,-0.026830008,0.02347441,-0.049136613,-0.014434989,-0.01600931,0.052033957,0.026002197,-0.044790592,0.016024094,0.0011096019,0.009179854,0.014361076,-0.024834389,-0.03760636,-0.027081309,0.0003709452,-0.07876049,0.005617302,-0.02341528,0.059306886,0.020503152,0.019290999,0.034975097,-0.05623215,-0.007834658,-0.030067349,-0.066698074,0.010384617,0.026741315,-0.02983083,-0.029505618,0.034590755,-0.01911361,-0.037074193,-0.058331247,-0.0719606,0.00092851784,-0.006082947,-0.054073922,-0.03444293,-0.0057244743,-0.0047155772,-0.029756919,0.046150573,-0.08065263,-0.0029527792,0.04298714,-0.038197655,0.030658644,0.00032960073,-0.0069255424,-0.025514377,-0.016733648,0.018256232,-0.03479771,0.08597428,-0.023030939,-0.024006575,-0.0066964156,0.018566662,0.04656448,-0.041006304,0.07509446,0.010702439,-0.08390476,-0.040888045,0.027716951,-0.05419218,-0.017162336,-0.016098006,-0.004774707,0.015011501,-0.036128122,-0.035832476,-0.034975097,-0.027406521,-0.010687657,-0.06439202,-0.0120402435,0.015610187,0.042366285,-0.007291406,0.009748976,-0.02609089,-0.015048456,0.046505347,0.004626883,0.034709014,-0.021966608,-0.06202684,-0.035714217,-0.047421854,-0.003727006,-0.002453874,0.0028049555,-0.06344595,-0.02223269,-0.0072951014,0.027539562,0.017191902,0.016216265,-0.03243253,-0.010754177,0.02888476,0.029402142,0.02209965,0.036955934,-0.015743228,0.041183695,0.012084591,-0.04340105,0.018197102,-0.03810896,0.027716951,0.005535999,-0.030392561,0.0529209,-0.015107586,0.015639752,0.063032046,0.0195423,0.0020584455,0.020414459,-0.012099373,0.0006046915,0.039557632,0.001590953,0.017960584,0.04993486,0.004589927,0.002483439,0.020517936,0.009852452,-0.03586204,-0.011633729,-0.028130857,0.011559816,0.023577886,-0.016142352,-0.016452782,0.009638108,-0.0020676847,0.0024317005,-0.009349852,0.032343835,-0.04340105,-0.047835764,0.021508355,0.0017979062,0.03586204,0.044347122,0.01750233,0.02626828,-0.017724067,-0.03411772,-0.013082401,0.0124098025,0.038138524,-0.02322311,0.0010597114,0.03867069,-0.013355874,-0.026874356,0.014124558,-0.029254317,-0.010502877,0.013932387,-0.010702439,0.013415004,-0.017546678,-0.025307424,0.029254317,0.002755065,0.0035533132,-0.019497951,-0.05043746,-0.013193269,0.0042684106,0.003364838,0.012897621,-0.0009197408,-0.03917329,-0.026874356,0.00161867,-0.0014061733,0.027746515,-0.07621792,-0.014154123,0.005580346,-0.038404606,-0.009556805,0.034531627,0.025070906,-0.0017082881,-0.039025467,-0.01756146,0.042957578,-0.031870797,-0.02620915,-0.07326145,-0.0249083,-0.0057503437,0.022883115,-0.00040536042,-0.012557627,-0.04538189,0.050407894,-0.016911035,0.020503152,-0.025070906,-0.009268548,0.024435265,-0.006153163,-0.01756146,0.03299426,-0.014915415,-0.028943889,0.011271561,0.032402962,-0.09951494,-0.042573236,-0.01432412,-0.018344926,0.0054214355,-0.022690944,-0.05037833,-0.003762114,-0.025011776,0.07308406,0.031249939,0.011168083,-0.037192453,0.02235095,-0.015225845,-0.018093625,-0.05815386,-0.050910495,-0.042070635,-0.020104028,0.015728446,3.6984806e-05,-0.011508078,0.015284975,-0.0022746378,-0.054635655,0.025056124,-0.0028696284,-0.03660116,-0.033526424,-0.008085959,0.018551879,-0.024642218,-0.010421574,-0.025957849,-0.010953739,0.05504956,0.010384617,-0.010990695,0.03243253,0.013673696,-0.0058759935,-0.05049659,0.004589927,0.015802357,-0.032846436,0.029269101,0.034590755,-0.014634551,0.05685301,0.014708462,0.016733648,0.0060866424,-0.045943618,-0.019453604,0.029845614,-0.012572409,0.045441017,-0.021257054,0.03370381,-0.030776903,-0.010517659,0.004445799,-0.008004655,0.0042351503,0.012794144,0.036128122,0.010310706,-0.00065920147,-0.009682455,-0.034531627,0.017147554,0.017014513,-0.021818783,0.029742137,-0.0022247473,-0.044347122,0.0020824668,-0.07160582,-0.021242272,0.010717222,0.031663846,0.024996994,0.05510869,0.035211615,0.004116891,-0.0024206138,0.016704082,-0.011404602,0.0050592674,0.004028197,-0.003244731,0.008551603,-0.0016482347,0.003435054,0.022498773,0.005469478,0.02209965,-0.059306886,0.041686296,0.050910495,-0.042602804,-0.037961137,-0.020148376,0.03636464,0.06492419,0.025248295,0.009349852,-0.06462854,-0.04963921,-0.014375859,-0.001536443,0.02149357,0.02907693,-0.053541757,-0.024361352,-0.040562835,-0.016925817,-0.00057420286,0.021523137,-0.038907208,0.009704629,-0.012055026,0.004183412,0.01394717,0.030599514,-0.017206684,-0.010251576,0.038138524,0.011168083,-0.0037417884,0.014316729,0.021774437,-0.017044077,0.03609856,-0.033674248,-0.07326145,-0.034413368,0.02229182,-0.063741595,-0.020266635,-0.038581997,0.0415976,0.00076868344,-0.030333431,0.019350128,0.01581714,0.017487548,0.0139028225,-0.006326856,-0.00507405,0.01725103,-0.0002145754,-0.038759384,-0.016304959,0.038375042,-0.019630993,0.025765678,-0.006426637,0.007842049,0.018152755,0.03861156,0.008758557,0.03462032,0.057503436,0.0207988,-0.03467945,0.005547086,0.010428965,-0.039498504,0.010074188,-0.039380245,0.009867235,0.035714217,-0.017339725,-0.08668384,-0.005572955,0.003508966,-0.049225304,0.03816809,-0.01893622,0.01705886,0.0063601164,-0.0016870385,0.0029306056,-0.02572133,-0.05611389,0.04272106,0.013954561,-0.013599784,0.066284165,0.058242552,0.044347122,0.030274302,-0.013629349,-0.0060977293,-0.015048456,-0.028470851,-0.0066520683,-0.012838492,0.010924174,0.0012934577,-0.016452782,-0.005480565,0.039114162,-0.017768413,-0.026386539,-0.039261986,0.015026283,-0.008987684,-0.00012934578,-0.021242272,-0.033969894,0.008307694,-0.10253055,-0.053068724,-0.030688208,0.031486455,0.014841503,-0.012557627,0.0022617031,0.015122369,0.015462363,0.002391049,-0.02215878,-0.021345748,0.004826445,0.01631974,-0.004656448,-0.031516023,-0.01911361,-0.04789489,0.010613744,-0.04895922,-0.040828917,-0.010155491,0.036275946,0.02378484,-0.029919526,0.04322366,-0.013865867,0.018699704,0.02521873,0.0066335904,-0.0061790324,0.015329322,0.0064044637,0.00047118816,-0.044849724,0.016792776,0.010281141,0.006792501,0.012062417,0.02017794,0.021804001,-0.0055581727,-0.008196826,-0.021508355,-0.036660288,0.0050407895,4.771069e-06,-5.618457e-05,-0.012808927,-0.021877913,-0.01905448,0.0120402435,0.02758391,-0.014420206,0.02447961,0.0017535591,0.03361512,-0.032225575,-0.026016979,0.01893622,0.0010246033,0.02116836,-0.011537643,0.004020806,-0.022868333,0.02640132,0.020813582,0.0063046827,-0.0020935538,-0.0027291959,0.026800444,0.0022395297,-0.0070881485,0.00878073,-0.025765678,-0.037635922,0.014228035,-0.015284975,0.031368196,0.017768413,-0.008699427,-0.0015244323,-0.0009021868,-0.033762943,0.02560307,-0.023563104,-0.029476054,-0.026785662,0.019143173,-0.023489192,-0.018965786,0.011138519,-0.003119081,-0.024819605,-0.013245007,0.03535944,0.0027772386,0.032402962,0.031752538,0.0043571047,-0.027317828,0.040060233,-0.005620998,0.03967589,0.0057688216,0.017960584,-0.02149357,-0.01804928,0.046534915,-0.00041159673,-0.005572955,-0.013444569,-0.012010679,-0.017280595,-0.0005330894,0.017916238,-0.028234335,0.018596226,-0.017147554,-0.029934308,-0.033142082,0.0073246663,0.031545587,0.013296746,0.0024132226,0.023873534,-0.007051192,0.004183412,0.031722974,0.0120254615,0.026046542,-0.005521217,0.016733648,-0.008448127,0.022528337,-0.030067349,-0.003228101,0.0008827849,0.03574378,0.038197655,0.010303315,0.001999316,0.063505076,0.009194637,0.051974826,0.052359167,0.0033796201,0.01631974,-0.010037232,0.0023448542,0.0021563787,-0.006227075,0.011367646,0.021892697,0.004663839,-0.02957953,-0.01705886,0.0020510545,0.002110184,0.022306602,0.015713664,-0.0020270331,0.027258698,-0.0002926448,0.044672333,0.009904191,0.008263347,0.013171095,-0.065219834,0.027303046,-0.00026700663,-0.03606899,-0.0037565709,-0.0021083362,0.023858752,-0.039616764,0.009061595,-0.03991241,0.021966608,-0.0054953475,0.0077311816,0.018537097,-0.018359708,-0.013111966,-0.0019032307,-0.0068146745,0.00014204938,0.034324672,0.008219,0.007627705,-0.029269101,0.011448949,-0.015107586,-0.051087886,0.030274302,-0.023134416,-0.022543121,-0.026770879,-0.0028123467,-0.0048670964,0.0003335273,-0.008751165,-0.04074022,0.006034904,-0.0009211267,-0.008802904,0.018817961,0.000963626,0.03884808,-0.051590484,-0.018832745,0.015861487,-0.027776081,0.0020713801,-0.020222288,-0.023311803,0.00946811,0.014213253,0.016467564,-0.0039431984,0.02298659,-0.04987573,-0.0017387767,0.02496743,0.014250209,-0.017324943,-0.025869155,0.0031504934,-0.02609089,0.016482348,0.020310981,0.013001098,0.03979415,0.022690944,0.026002197,0.008618124,0.03535944,0.009268548,0.019882293,-0.044613205,0.0290178,-0.06983194,0.018330144,0.021286618,0.0076424875,0.007391187,-0.018197102,-0.003680811,0.025011776,-0.01655626,0.006781414,-0.012675886,0.010392009,0.03213688,-0.024701348,-0.015344104,3.2856136e-05,0.0039136335,-0.01494498,0.020650977,0.0061199027,0.03609856,-0.036630724,0.03630551,-0.009172463,-0.009364634,-0.01045853,-0.016837124,0.023001375,0.008921163,-0.11689901,0.029535184,0.028352594,-0.0074392296,-0.009726802,-0.022129213,-0.008647689,0.024760477,0.03145689,-0.0042314543,0.0277613,0.0035237484,-0.010340271,-0.026120454,0.0037122236,0.008174653,0.075449236,-0.023430062,-0.024464829,0.00042684106,-0.043046273,0.0029768005,-0.016925817,0.018788397,-0.00140063,0.0069477158,-0.016408436,0.025233513,0.02459787,-0.013363266,-0.011545034,-0.013858476,-0.023267457,0.0011216126,0.013503699,0.015240627,-0.0014200318,0.007871614,0.0153884515,-0.03444293,0.035448134,-0.018670138,0.018832745,0.044376686,0.014109776,-0.037517667,-0.02073967,0.039143726,-0.00576143,0.016364088,0.0009867235,-0.023134416,0.033349037,-0.04298714,-0.00046356602,-0.01775363,-0.011493295,-0.036275946,0.053393934,0.014176297,-0.017398855,0.011559816,0.00827813,-0.029934308,0.012572409,0.015447581,-0.02335615,0.01512976,0.019379692,0.015270192,0.018152755,0.0074059693,0.036009863,-0.0118259,0.022897897,0.013858476,-0.0011825899,0.0140802115,0.014146732,-0.031338632,0.030244738,-0.0019143175,0.0059683835,0.048515752,0.016083224,0.025632637,-0.04440625,-0.0038618953,0.01738407,-0.019527515,0.026830008,-0.0010412334,0.017073642,-0.007775529,-0.033674248,0.025913501,0.0011077542,0.0037307017,0.029106494,-0.015713664,0.017517114,0.0012694363,-0.022277039,0.002145292,-0.016334523,-0.0020750756,0.016881471,-0.00028086512,0.023400499,0.01868492,-0.0011622641,0.0018283948,0.012261979,0.029742137,-0.007842049,0.0030858205,0.006090338,0.006496853,0.010236794,-0.01600931,0.011870246,0.015639752,-0.020251852,-0.0019882293,-0.028899541,0.01550671,-0.03929155,-0.03255079,-0.008706818,-0.0075390106,-0.0022857245,-0.0101702735,-0.0028437593,0.0072064074,0.010362444,0.00055295316,-0.008270739,-0.012247196,-0.014575421,0.0056320843,0.005436218,-0.033023823,-0.03263948,-0.010968521,-0.0062677264,0.0022081172,-0.012897621,0.019010132,-0.016098006,-0.016290177,-0.011352863,0.0031153853,-0.020340547,0.013843693,-0.012121547,0.026756097,-0.026563926,0.02447961,-0.00019240184,0.0038508084,0.022129213,0.021848349,0.043046273,-0.0052846987,-0.012439367,-0.034265544,0.00019124696,-0.017886672,0.018655356,-0.026297843,0.004161238,-0.004139065,0.022942245,0.0052699163,0.01214372,-0.0017138314,0.033408165,0.0027255001,0.014930198,0.0017563308,-0.0041760206,0.040208057,-0.0034590755,0.008359432,0.025233513,0.0359803,0.00012426433,-0.011914593,-0.027081309,0.023858752,0.0049927467,0.04076979,0.038463738,0.0015974203,0.012151112,-0.0052773077,-0.011168083,-0.012247196,0.051028755,-0.0079307435,0.047717504,-0.028751718,0.019956205,-0.002165618,-0.0140949935,0.011227213,-0.013858476,-0.007842049,-0.0084924735,0.03429511,-0.0015770945,0.04003067,-0.011670684,-0.008307694,0.021537919,0.028988235,0.05162005,0.024154399,0.007982482,0.010192447,-0.011966332,0.0038249393,-0.008322476,0.022424862,0.005654258,0.02116836,0.016171917,-0.0031153853,0.0139102135,0.026179584,-0.028633459,-0.015964964,0.018862309,0.017517114,0.013082401,-0.032402962,-0.0018422534,0.019261433,0.028367376,0.017738849,-0.021183142,0.0073801004,-0.004464277,0.0004118277,-0.021345748,-0.002416918,-0.004020806,-0.031042986,0.024790041,0.011973723,-2.5739231e-05,0.008847251,0.008625515,0.009941147,0.012845883,-0.00044439512,-0.014309338,0.0032890781,0.040710658,0.0059683835,0.016881471,0.020222288,0.0027310436,-0.022217909,0.007797702,0.005720779,0.0034036415,0.0058501246,-0.005535999,-0.008455518,-0.0014884003,0.0003055794,0.016911035,0.0004598704,0.009660281,-0.0023836577,-0.02341528,-0.005410349,-0.011966332,0.001136395,-0.006215988,0.009926364,-0.009076377,0.01357761,0.021094447,-0.021286618,-0.0348864,-0.033289906,-0.00541774,-0.01606844,-0.023489192,0.008396388,-0.025322206,-0.017664937,-0.031782106,0.0064229416,-0.012742407,0.01818232,0.004863401,0.009105942,0.02640132,0.02508569,0.020710105,0.03429511,0.03760636,-0.009630716,-0.015713664,-0.021715308,-0.025366554,-0.020887494,-0.015787575,0.007372709,0.008765948,-0.0127867535,0.046682738,0.025765678,0.007099235,0.02583959,0.0028954975,-0.007010541,0.034827273,0.0026238714,0.0079381345,-0.02304572,-0.016349306,0.015521493,0.011899811,-0.008418562,0.0032927739,-0.016851906,-0.013281963,-0.0070327143,0.021345748,0.018906657,-0.0021175751,-0.027170004,0.007738573,-0.01456803,-0.013828911,-0.01077635,-0.0011428623,-0.02864824,-0.02149357,0.024257876,0.0060607735,0.009320287,0.0056875185,0.016615389,0.010665483,-0.0053623063,0.09626282,-0.016053658,-0.009815496,-0.0061790324,0.002564742,-0.022690944,-0.027598692,0.029461272,-4.0593786e-05,0.0039505893,-0.017339725,0.026800444,0.009896799,0.002773543,0.010517659,0.0048486185,-0.022395296,-0.0004836608,0.022676162,-0.0026386539,0.033171646,0.021094447,0.0006744458,0.0069218464,0.0290178,-0.009623325,0.0043608,0.013444569,-0.0046601435,0.01507063,-0.02913606,0.016098006,-0.025632637,-0.009948538,0.021478789,0.016452782,-0.027657822,-0.023297021,0.008618124,-0.023193546,-0.016482348,-0.022173561,0.004726664,0.004874488,0.02241008,0.012675886,-0.011382428,0.025100471,0.008995075,-0.009017248,0.002734739,0.013924996,0.011338081,-0.016157135,-0.002618328,-0.0067222845,-0.005469478,0.005299481,-0.011227213,0.027938686,-0.008507256,0.027790863,0.009512458,0.026534362,0.011264169,-0.014841503,0.013126748,-0.0058981674,-0.008196826,0.020784019,0.006626199,-0.0017082881,0.017295377,-0.0022118127,0.020532718,0.036985498,0.0051997,-0.0056579537,0.016112788,-0.023814404,0.022365732,0.041124564,0.01083548,0.015935399,-0.029609095,-0.03810896,-0.04334192,0.007490968,-0.02073967,0.0155806225,0.010990695,-0.0055323034,0.024124835,0.024568306,-0.007583358,-0.016171917,0.0018976872,-0.024982212,0.022823986,-0.016083224,0.015063239,0.01600931,-0.024376135,0.032876,-0.013481525,-0.011219822,-0.023326587,-0.0122176325,0.02572133,-0.0004335393,0.005391871,0.00074235233,0.0021305096,-0.013969343,0.0017618742,-0.008876815,-0.0161867,-0.013052836,-0.019320562,-0.00467123,-0.011108954,-0.025011776,0.00031666618,-0.009564196,0.0036068992,-0.000799634,0.00013742989,-0.012845883,-0.024893519,0.0016620932,0.003917329,-0.016511912,0.0021157272,0.016467564,0.034413368,-0.0058870804,-0.01686669,-0.043933216,0.009275939,0.0070696706,0.01382152,-0.011153301,-0.0046231872,0.009046813,-0.0011761226,-0.020266635,0.0086846445,0.034413368,-0.029860396,-0.026608273,-0.014471944,0.010621136,0.010643309,-0.003263209,-0.008137697,0.033762943,-0.0015114978,-0.012010679,-0.034265544,0.04688969,-0.023666581,0.00852943,-0.026223931,-0.014738027,0.0069255424,-0.0021157272,-0.01637887,0.008300303,0.018344926,-0.027362173,0.031900365,-0.0166893,0.016896253,0.03204819,0.018034495,-0.0012500345,0.015011501,0.05324611,-0.015063239,-0.01767972,-0.040001106,-0.013836302,-0.017546678,-0.019187521,0.012380239,-0.027199568,0.0072174943,-0.023400499,0.037103757,0.021197924,0.004427321,-0.022277039,0.0022801813,0.0029601704,0.01263893,0.026741315,-0.0012260132,-0.007553793,0.0073061883,0.015041065,-0.042868886,0.014494117,-0.016142352,0.06368247,0.024080487,-0.01781276,0.016940601,-0.004508624,-0.020074464,-0.014760201,0.026549144,0.0037990701,-0.0023670276,-0.0074872724,0.030776903,0.019276217,0.017768413,0.064332895,0.002880715,0.0025481118,0.030954292,-0.00834465,0.0047894893,-0.0037417884,-0.009039422,0.025425684,0.014774983,0.0075981403,0.013466743,-0.03062908,0.0088620335,0.072906666,0.007409665,-0.021124013,0.038641125,0.031989057,-0.01762059,0.005994253,0.0068848906,0.016482348,-0.009113333,-0.01868492,-0.032284703,0.006308378,-0.038286347,0.010480703,0.03810896,-0.013185877,-0.0032890781,0.033881202,-0.01077635,0.024730911,0.005861211,-0.011042434,0.0031116898,-0.026327409,-0.020074464,-0.0076129227,0.0036863545,-0.016777994,-0.010207229,0.001990077,0.006862717,-0.0055581727,0.007017932,0.044258427,0.010281141,0.01096113,0.01021462,-0.009571587,0.013067619,0.01973447,-0.02110923,0.041508906,-0.014597595,0.00026053935,0.0006513484,0.0069588027,-0.0033371209,0.02229182,-0.010569397,-0.00080563937,-0.011123736,-0.008987684,0.030983856,-0.017191902,-0.048308797,0.045795795,0.05026007,0.030836033,0.0063416385,0.018389273,-0.028485635,0.006707502,0.023799622,0.020251852,-0.0025019168,-0.01917274,-0.056557365,-0.002644197,0.03896634,-0.05504956,-0.01762059,-0.0018330144,0.0045049284,0.012439367,0.02215878,0.0006707502,-0.006496853,0.00016295258,0.02223269,-0.015063239,0.005210787,0.0014172602,0.0120402435,0.01606844,-0.011027651,0.007143582,-0.03535944,0.00089756725,-0.00096916937,0.011966332,0.038700256,-0.033910766,0.0011668836,-0.020503152,-0.004364496,0.013422396,0.004490146,0.030362995,0.004091022,0.018211884,0.0040503703,0.009512458,0.031397764,0.009364634,0.01488585,0.02215878,0.0059757745,0.009083769,0.0048707924,-0.010310706,0.02508569,-0.0010661788,-0.017531896,0.04526363,0.027007397,-0.004944704,0.00031897592,0.0244057,0.016777994,0.029150842,-0.0032410354,0.023917882,0.009556805,0.02715522,0.006870108,-0.009290722,0.018271014,0.018108409,0.0215527,0.010288532,0.020059682,-0.015950182,0.026238713,0.060371216,-0.0028696284,0.013193269,0.020310981,0.0075057503,-0.017650155,0.0012990012,0.016216265,-0.0011096019,-0.023444844,-0.0008218076,-0.05043746,-0.020532718,-0.03512292,-0.0032872304,0.04476103,-0.014361076,-0.01382152,0.0014717701,0.010007667,-0.0062972913,-0.004261019,0.002973105,-0.017472766]","{""h"":300,""s"":4.95049504950496,""l"":80.19607843137256}",#cfcacf
5,https://autolayout.oss-cn-beijing.aliyuncs.com/background/2.jpg?OSSAccessKeyId=LTAI5t6QuPcFFd4HvdBWdaZw&Expires=4840139305&Signature=l%2FTKU6pABYpK905ky2ApCZETzzo%3D,"{
    ""productType"": [""美容与健康"", ""服装与配饰"", ""家居用品"", ""日常用品""],
    ""cultureTendency"": ""/"",
    ""styleTendency"": ""甜美清新"",
    ""titleUser"": ""注重美学与自我护理产品的年轻群体，尤其是女性用户"",
    ""historyStyle"": ""波普艺术"",
    ""sense"": ""背景传递出温暖、柔软及温馨宜人的氛围感"",
    ""otherSenses"": ""气息如鲜花绽放般清新芬芳，声响如风铃般轻柔悦耳"",
    ""festivalNode"": [""情人节促销"", ""母亲节促销"", ""春季促销""],
    ""colorTendency"": ""粉紫色系"",
    ""colorSorting"": [""#F48FB1"", ""#FFCDD2"", ""#FFE0B2""]
  }
","[0.03768035,-0.006621622,-0.039545994,-0.0005516546,0.0170452,-0.02324988,0.011264531,0.041072432,-0.02652889,-0.009646227,-0.006914896,-0.0082540605,-0.03587124,-0.06411031,0.022274656,0.070555255,-0.03852837,-0.014183133,0.0105861155,0.011151462,0.01434567,-0.00061481446,0.0019062781,-0.011950014,0.0226704,0.007547377,-0.036917135,0.08757219,0.041892186,0.023574954,-0.017243072,-0.041044164,0.007992588,-0.008451932,0.01017624,0.008112724,-0.025002453,0.0016960398,0.005787736,-0.03081139,-0.020211142,-0.023716291,0.0339208,-0.004922049,0.017059334,-0.0006943163,-0.031744212,0.036266986,0.0012808634,0.019108716,-0.0018356098,-0.050881196,0.0006293898,-0.015801437,-0.039121985,-0.024550177,-0.0040916963,0.028267331,-0.011632007,0.015843838,0.09096427,-0.019999137,0.0042825006,-0.003869091,0.0041517643,-0.027447578,0.0035369499,-0.015335027,-0.0023532552,-0.013137242,0.07937466,-0.017016932,-0.01773775,0.0038337568,-0.008819407,0.027122503,-0.027235573,-0.0125718955,0.01811936,-0.047206443,-0.022896538,0.029143618,-0.03697367,0.02298134,-0.010981858,-0.052662037,-0.03081139,0.019843666,-0.060322482,0.0696507,-0.025850475,0.01943379,0.0037630885,-0.017879087,-0.015108888,0.009222217,-0.045510404,-0.025779806,-0.014600077,0.0453408,0.04098763,-0.05789149,-0.00050881197,0.015123022,-0.00921515,0.0087770065,0.011271598,-0.014995819,-0.04279674,-0.017228939,-0.08892902,0.007858318,0.0077099144,0.091981895,0.0298503,0.029030548,0.015123022,-0.033864263,-0.0075756446,-0.035927776,-0.07406041,0.011723875,0.0065827547,-0.011342267,-0.024168568,0.015193691,-0.015518765,-0.03146154,-0.06931149,-0.034570947,0.021779979,0.0098299645,-0.048563275,-0.053227384,-0.022430127,-0.027179038,-0.01746921,0.052831642,-0.06676743,-0.013794458,0.058400307,-0.04943956,0.030019905,-0.0013948161,-0.005035118,-0.031970352,-0.028818544,0.025440598,-0.022684533,0.082257934,-0.03759555,0.0061693448,0.0030899725,-0.023207478,0.03264877,-0.057948027,0.06518447,-0.034486145,-0.071459815,-0.015843838,0.01958926,-0.050881196,-0.0071940357,-0.0283804,0.0072435034,-0.00034936654,-0.03366639,-0.03061352,-0.033411983,-0.037849955,-0.012677898,-0.044407975,0.0018303096,0.012522427,0.017695349,-0.0053743264,-0.0021059162,-0.023786958,0.021737577,0.053594857,0.05475382,0.051305205,-0.013108974,-0.07982694,-0.029200153,-0.03103753,-0.00032441178,-0.015335027,0.0059184725,-0.039263323,-0.01492515,-0.015801437,0.040139608,0.009999569,0.02996337,-0.07247744,0.0032684102,0.03228129,-0.00012742383,0.050966,0.010162106,0.0031535742,0.016423319,-0.006876028,-0.040789757,-9.507098e-05,-0.030048173,0.0035192827,-0.0025387597,-0.016663592,0.062301196,-0.010140905,0.010246907,0.04901555,-0.009427154,0.021582106,0.05317085,-0.010268108,-0.0053283917,0.051503077,0.006883095,0.03519283,0.075643376,0.0099289,-0.010013702,0.002791399,0.03242263,-0.039743867,-0.029878568,-0.03264877,0.017978022,0.028352132,-0.021384235,-0.00807739,-0.007886585,-0.029200153,0.014642477,0.0043567023,0.031942084,-0.030528717,-0.0213277,0.03315758,-0.0035016155,0.033016242,0.042853273,0.015236091,-0.00043063512,-0.048337135,-0.015872106,-0.010253974,0.01715827,0.037821688,-0.04163778,0.014465806,0.034797084,-0.015490497,-0.0005967057,0.020875424,-0.02093196,-0.007204636,0.055630106,-0.008112724,0.016536389,-0.036690995,0.03293144,0.010056103,0.0014875683,0.017073467,-0.01804869,-0.01017624,-0.01615478,-0.043983966,0.05336872,0.020889558,0.022189856,-0.013229111,-0.022034384,0.010027835,0.02093196,0.008352996,-0.06959417,-0.008218726,0.02900228,-0.053623125,-0.024352305,0.020974359,0.03134847,-0.023306414,-0.048563275,0.0036217517,-0.0011448269,-0.042174857,-0.030330846,-0.056280255,-0.0398004,-0.0055969316,0.039235055,0.021850647,-0.013836859,-0.02190718,0.064166844,-0.005363726,-0.0012684965,-0.011264531,0.039206788,0.015080621,0.012656697,-0.013836859,0.04785659,0.008847674,-0.017200671,-0.015236091,0.026882231,-0.06919842,-0.016861463,0.011893479,-0.012147886,0.05495169,-0.023928296,-0.017638814,-0.0012967638,0.013660188,0.089777045,0.010091437,0.0077523156,-0.044125304,0.030048173,-0.00865687,-0.024210969,-0.06320575,-0.050994266,-0.034175202,0.009469556,0.01800629,-0.005904339,-0.010275175,0.030048173,-0.005416727,-0.0055545303,0.027970525,-0.029284954,-0.092208035,-0.030048173,-0.0212429,-0.00038050476,-0.010819321,0.0051729213,-0.0034397808,0.0040351613,0.040733222,-0.0052577234,-0.0092434175,0.03852837,0.0040916963,-0.008565001,-0.058400307,0.029624162,-0.0029574696,-0.04878941,0.032790102,0.021257034,-0.04022441,0.038726244,-0.008176326,0.013561252,-0.021539707,-0.032479163,-0.00037012537,0.07162941,-0.021030894,0.057043474,0.0022737535,0.01900978,-0.033864263,-0.026274484,0.02996337,-0.005727668,-0.033864263,0.00049291155,0.03844357,0.013575385,0.004017494,-0.009377687,0.010056103,0.010091437,-0.0028125993,-0.0039256257,0.013073641,-0.0024928253,0.00062806474,-0.00010429099,-0.0794312,-0.023574954,0.02675503,0.026825696,0.038104363,0.047036838,0.04172258,-0.00021200498,-0.0028302665,-0.0046959105,-0.0043496354,-0.0142114,0.033072777,-0.004455638,0.039432928,-0.00537786,0.0031818415,0.012868702,-0.008890076,0.004483905,-0.055121295,0.028253198,0.040902827,-0.013087774,-0.029680697,0.025426464,0.020083938,0.049383026,0.039008915,-0.016380917,-0.04658456,0.019023914,-0.028846812,-0.025327528,0.026698494,0.04763045,-0.04415357,-0.061396644,-0.062640406,-0.01927832,-0.006187012,0.013780324,-0.033835996,0.019546859,-0.04788486,0.0077664494,0.0077664494,0.020126339,-0.013801524,0.005303658,0.013561252,-0.0072929715,0.027193172,0.022105053,0.053764462,0.0096532935,-0.008176326,-0.04799793,-0.051559612,-0.049185157,0.028366266,-0.061509714,-0.0086639365,0.016168913,0.06439298,-0.030274311,-0.0041305637,0.02599181,-0.005363726,0.039432928,0.007830051,-0.0047065103,0.03751075,0.00553333,-0.0028284998,-0.044351444,-0.02657129,0.03759555,-0.024592578,0.018458568,-0.018515103,0.014373938,-0.02934149,0.012529494,-0.021808246,0.025468865,0.063488424,0.055545304,0.0056746667,0.041128967,0.037736885,-0.023052009,-0.0022755202,-0.034146935,-0.0017331407,0.024818717,-0.03007644,-0.05031585,-0.00863567,0.0022401859,-0.027122503,0.01889671,-0.016804928,-0.014812081,0.0061834785,0.023348816,0.011808678,-0.015179557,-0.039885204,0.027942257,0.020776488,0.030387381,0.03355332,0.06998991,-0.0019451457,0.009646227,-0.01746921,0.03219649,-0.029737232,-0.041892186,0.016225448,-0.0031394404,0.021143964,0.013462316,-0.015179557,0.0020493814,0.03273357,-0.029143618,-0.004522773,-0.02626035,0.030302579,-0.018755374,0.006218813,-0.0031076397,-0.054245006,-0.019956736,-0.07049872,-0.03929159,-0.046301886,0.018939111,-0.001943379,-0.007950187,0.014338603,0.033016242,0.012932304,-0.00113246,-0.0241403,-0.018910844,0.02456431,0.006119877,-0.018840175,-0.015433962,-0.008572068,-0.017497478,0.022811735,-0.028550005,-0.021737577,-0.008727538,0.042174857,0.020677552,-0.035786442,0.03462748,-0.000722142,0.0071339677,0.029567627,-0.015391561,5.2669988e-05,0.0113564,0.018345498,-0.0056711333,-0.039093718,0.036464855,0.0076180454,-0.00034848318,0.00736364,0.034146935,0.040280946,-0.0047489116,-0.007830051,-0.028578272,-0.017709482,-0.011384668,-0.013377515,-0.0011165596,-0.027617183,0.018444434,-0.015547032,-0.019928468,0.004218899,-0.027701983,-0.0044026366,-0.00867807,0.02753238,-0.029595895,0.008911276,0.009837031,0.00963916,0.025143791,-0.0043496354,-0.03420347,-0.0033920796,0.02880441,0.028012924,0.02112983,-0.0015732537,-0.008466066,0.010091437,0.017978022,-0.027815053,-0.01997087,-0.045793075,-0.03878278,0.0072788377,0.0035440165,0.056167185,-0.009971301,-0.017638814,0.009490756,0.004950316,-0.029030548,0.0028744342,0.0006134894,-0.037199806,-0.007102167,-0.004363769,-0.02568087,-0.0011218596,0.0023391217,-0.022811735,-0.018642304,-0.0033620456,0.011893479,-0.01912285,0.00074334245,0.050033174,-0.024493642,-0.017808419,0.020536216,-0.0027454644,0.028634805,-0.011950014,0.012331623,-0.032874905,-0.0058513377,0.026005944,0.009589692,-0.003227776,0.0020617484,-0.013356314,0.004247166,0.022854136,0.030952727,-0.02791399,0.011497737,-0.013426982,-0.026302751,-0.028790276,0.0066322223,0.02139837,-0.010451846,0.014366871,0.023348816,-0.01106666,-0.0099289,0.014840349,0.0031270734,0.033129312,-0.0077593825,0.03454268,-0.029398024,0.030867925,-0.0043496354,-0.011561338,0.021779979,0.03674753,0.0116390735,0.0071410346,0.0081975255,0.03697367,0.04545387,0.048591543,0.03875451,0.023744557,0.01305244,-0.014020596,-0.0037383544,0.018190028,0.015123022,0.0212429,0.0036500192,-0.0012711466,-0.011822811,0.0069042956,0.02737691,-0.022175722,0.034033865,0.01445874,-0.01390046,0.02213332,-0.009144481,0.042118322,0.018331364,0.035503767,0.009844098,-0.031687677,0.020338345,-0.012218554,-0.016550522,0.0061693448,0.0014301502,0.00095490576,-0.022726934,-0.004699444,-0.038584907,0.03211169,-0.013525918,0.0072364365,0.02710837,0.0014142499,-0.004699444,-0.011540138,-0.031207133,0.040139608,0.014741413,0.0014222001,0.028196663,-0.009731028,0.0026465289,0.012578962,-0.0568456,0.024620846,-0.02340535,-0.024324039,-0.016281983,0.010685051,0.0024380572,-0.042118322,0.002432757,-0.024974186,0.00681596,0.013462316,-0.01193588,0.026161416,-0.02317921,0.023786958,-0.03315758,0.01646572,-0.009222217,-0.02710837,0.0034344806,0.0029557028,-0.017822552,0.0028974013,-0.00017965214,0.05212496,0.007738182,0.0015582367,-0.03344025,-0.002070582,0.05811763,0.01303124,-0.0007998771,-0.0116956085,-0.013490584,-0.012925237,0.015024086,0.0069890977,0.005777136,0.042090055,0.018515103,0.05721308,-0.0027136637,0.016437452,0.024677379,0.03346852,0.0036040847,0.047913127,-0.03714327,-0.02529926,0.0015405695,-0.013829792,0.013928727,-0.014699012,-0.0054591284,0.015123022,0.0019610461,-0.012430559,-0.014253802,0.01588624,0.049609166,-0.018755374,0.001589154,-0.013130175,0.016819062,-0.030415649,0.026486488,0.0012066617,0.00523299,-0.047065105,0.018387899,0.00096285593,-0.0034168137,-0.011674408,-0.012621364,0.029906835,0.0034592147,-0.09311259,0.014953418,0.035729907,-0.011610806,-0.008268194,-0.023546686,-0.025892874,0.029369757,0.03697367,0.004225966,0.018147627,0.019546859,-0.023574954,-0.034655746,0.0019027448,-0.01889671,0.065241,0.0069572967,-0.020083938,0.013207911,-0.041015897,0.009314085,-0.03454268,0.043559957,0.0029963371,-0.011306932,-0.009589692,0.0035334164,0.05379273,-0.021172231,-0.031518076,0.011879345,-0.017398542,-0.030161241,-0.019999137,0.01874124,-0.0011041926,0.0041376306,-0.0022737535,-0.00042047654,0.021172231,-0.01573077,0.03146154,0.021370102,0.035136294,-0.036804065,-0.031065797,0.012374024,0.003869091,0.013236178,0.0020069806,-0.017554013,0.039432928,-0.04076149,-0.017144136,0.0046393755,-0.016819062,-0.046641096,0.03663446,-0.0023320548,-0.03739768,0.001613888,0.022896538,-0.037736885,0.005780669,-0.0016969232,0.0028709008,0.031687677,0.0032772436,-0.009540224,-0.016211314,0.021412503,0.03146154,-0.024225103,0.00438497,0.018529234,0.0044485712,0.01742681,-0.0007804433,-0.028352132,0.015561165,0.018868443,0.009229284,0.051814016,0.014006462,0.016804928,-0.041666046,-0.01619718,0.012875769,-0.021341834,0.012529494,-0.02715077,0.0047630453,-0.006770026,-0.039970007,0.013935794,0.0029945704,0.012183219,0.025695004,-0.008239927,0.009723961,-0.004158831,-0.045255996,-0.03007644,0.011080794,0.002192485,0.0056817336,0.0022825869,0.011815744,-0.009144481,0.00666049,-0.034062132,-0.017992156,0.018670572,-0.037001938,0.0036288186,0.0004483022,0.0127415,0.021143964,-0.02953936,0.0013338646,0.010147972,0.013285645,0.015335027,-0.011858146,0.0048019127,-0.023730423,-0.047828324,-0.0065827547,0.0051128534,-0.028479336,-0.022642132,-0.006611022,0.03485362,-0.0031465073,0.0017728916,0.0048337136,-0.0075827115,0.00011047447,0.003869091,0.009109147,-0.018246561,-0.023998965,-0.00738484,-0.018727107,0.0060032746,0.021045027,-0.0057842024,0.0017481578,-0.006706424,-0.021412503,0.0011271598,-0.017808419,0.028055325,-0.011144395,0.045877878,-0.04268367,0.011243331,-0.0084307315,0.0045651738,0.0127839,0.020409012,0.02240186,-0.051220402,-0.027504113,-0.043220747,-0.007020898,0.00537786,0.015264358,-0.03315758,-0.010034902,-0.0071163005,0.031574607,-0.0071587013,-0.00075924286,0.000893071,0.028931612,0.0064378846,0.030019905,-0.0012958804,-0.018288963,0.019490324,-0.018472701,-0.006533287,0.042966343,0.010607316,0.002761365,-0.027362777,-0.040733222,0.016112378,-0.011328133,0.029680697,0.030472182,0.0031694744,0.028564138,-0.0062824143,-0.015490497,0.0060032746,0.019136982,-0.0060810097,0.054358076,-0.021370102,0.011497737,-0.019716464,-0.014670745,0.024536043,-0.031687677,0.004851381,-0.00055916316,0.010395311,-0.016281983,0.026557157,-0.03216822,-0.0060386085,0.025497133,0.020734087,0.024295771,0.012458826,0.0016651225,-0.00440617,-0.02375869,-0.0042436332,-0.005331925,0.04661283,0.0062753474,0.00921515,0.02112983,0.015801437,0.006823027,0.014373938,-0.026825696,-0.011031326,0.016211314,0.010607316,0.020578617,-0.009377687,-0.012303356,0.022458395,0.030867925,0.037821688,-0.025921142,-0.0037277543,0.010140905,-0.026967034,-0.015066488,-6.647239e-05,0.011886412,-0.021539707,0.016720125,0.02652889,-0.02159624,0.028762009,0.0043991036,-0.0034291805,0.0025334596,0.0008864458,-0.011003058,0.01958926,0.013441116,0.012501227,-0.0024203903,0.018500969,0.0019151117,-0.03092446,-0.00056623,0.009087947,0.008868875,-0.018303096,-0.028931612,0.017483344,0.011815744,-0.0063778167,0.0123386895,0.006338949,0.001574137,0.006204679,-0.01599931,0.0042825006,0.0025051923,-0.0045121727,-0.0068194936,-0.015518765,-0.006434351,0.0070951,-0.0005273624,-0.0052930578,-0.016607057,-0.038584907,0.0029203687,-0.0025034256,-0.022161588,0.0034698148,-0.029200153,-0.028125994,-0.011328133,0.01476968,0.012868702,0.017130002,-0.020211142,0.0043143015,0.03895238,0.019348988,0.03177248,0.041779116,0.042740203,0.02452191,-0.01816176,-0.026599558,-0.0014328003,-0.030330846,-0.010875856,0.0015282026,0.011123194,-0.021214632,0.03587124,0.0312354,0.002821433,0.0031730079,0.0028249663,-0.0120489495,0.019193517,0.01804869,-0.0068442277,-0.014939284,-0.010147972,0.021610374,0.015490497,-0.0061410777,-0.014204334,-0.010904123,0.014112465,0.008451932,0.012430559,0.019730598,-0.006469685,0.005490929,-0.0032737101,-0.003766622,0.004879648,-0.01231749,0.0034009132,-0.023589088,-0.031518076,0.05656293,-0.014684878,-0.011497737,0.007815917,0.0109959915,-0.00016529764,0.0127415,0.099161796,-0.021681042,-0.0012658464,-0.015377428,0.0015829705,-0.029793767,-0.043362085,0.03493842,-0.004922049,-0.004957383,0.0067417584,0.024394706,0.009738095,0.019645795,0.01492515,0.007773516,-0.05452768,0.02139837,0.008183393,-0.015603567,0.03081139,0.0043920367,-0.00539906,-0.012812167,0.0028355666,-0.009469556,0.008289395,-0.0073000384,0.028154261,0.014713146,-0.017638814,0.031715944,-0.03790649,0.0009805231,0.033101045,-0.015801437,-0.025497133,-0.01673426,0.02139837,-0.02043728,-0.011455336,-0.023023741,0.007042099,0.00040369283,0.024592578,0.025355795,-0.01811936,-0.0020758822,0.017808419,-0.008593269,0.013525918,0.023391217,0.019023914,-0.00017368949,-0.008508466,-0.00268893,0.0070703663,-0.006049209,-0.006388417,0.0105861155,-3.715608e-05,0.0077664494,0.010381177,0.020253543,0.012988838,0.0110525265,0.013928727,0.025892874,-0.027659584,0.025765672,0.014140733,0.015956908,0.0055191964,-0.014755547,0.0014434006,0.021059161,0.020833023,-0.0169604,0.037991293,-0.054273274,0.020663418,0.050287582,0.023108544,-0.013575385,-0.015236091,-0.036662728,-0.040902827,0.013525918,-0.024295771,0.003008704,-0.0057100006,-0.017836686,0.0050386516,0.039235055,-0.008692204,-0.008989011,-0.01530676,-0.0053955265,0.028903347,-0.0029009348,0.005441461,0.01361072,0.0038832247,0.040902827,-0.028012924,-0.026670227,-0.019999137,0.032337826,0.0031942085,0.004109363,0.010685051,0.0116956085,0.012882836,0.00015326194,-0.018614037,0.018359631,0.007222303,-0.039630797,-0.03165941,-0.024691513,-0.0026906966,-0.012147886,-0.007865385,0.0004615525,0.0028125993,0.014628343,0.003445081,-0.006211746,-0.036266986,0.01916525,0.020677552,-0.008550867,0.0022790534,0.011215064,0.012635496,-0.0007459925,-0.014366871,-0.0255254,0.007179902,0.01247296,0.028394533,-0.009462489,0.011526004,-0.011299865,0.010147972,-0.021737577,0.017031066,0.011441202,-0.026302751,-0.0026376953,-0.0009920066,0.0044273706,0.004498039,-0.010416511,-0.012324556,0.013483517,0.0073000384,-0.004745378,-0.027829187,0.031518076,0.0087204715,0.014812081,-0.014225534,0.006278881,0.0018179427,-0.0026553625,-0.015985176,0.0009584392,0.0101197045,-0.013200844,0.024027232,-0.031518076,0.01657879,0.022698667,-0.010451846,0.014126599,0.013200844,0.043390352,-0.010289309,-0.022373592,-0.04341862,-0.041072432,-0.015900373,-0.03570164,0.007992588,-0.010685051,-0.0056039984,-0.018416166,0.015829705,-0.003480415,-0.0010564915,-0.04545387,0.009780496,0.004547507,0.025426464,0.027998792,-0.00269953,-0.0044026366,-0.0009619726,0.024578445,-0.06422338,-0.0007512926,-0.021186365,0.040846292,0.021228766,-0.018684706,0.013434049,0.0024610246,-0.03389253,-0.025115523,0.028352132,-0.0067523587,-0.009137414,-0.018727107,0.018571636,0.015476364,0.0068124267,0.050372384,-0.0018621105,-0.01293937,0.030867925,0.0023196877,-0.0034980823,-0.02456431,-0.03991347,0.040535353,0.0034168137,0.014183133,0.0032949108,-0.026217949,0.0005997974,0.06993338,0.010826387,-0.016211314,0.047036838,0.027461711,-0.019462056,0.01249416,0.006646356,-0.009667427,0.008621536,-0.037765153,-0.009808764,0.019518591,-0.0582307,-0.00867807,0.021143964,-0.008183393,-0.0025687937,0.05240763,-0.03188555,0.004734778,0.0005269207,-0.009561425,0.0040280945,-0.02668436,-0.010607316,0.002312621,0.027885722,-0.030217776,-0.025115523,-0.01008437,-0.0002126675,-0.011575472,0.011836945,0.053453524,7.883935e-05,-0.019688196,0.018062824,0.0087770065,0.0046535092,0.022105053,-0.010430645,0.030556984,-0.002100616,-0.00029371525,0.02953936,-0.00892541,0.0022260523,0.019801265,-0.010473046,0.0054697287,-0.014515274,0.0028125993,0.031829014,-0.036945403,-0.021115696,0.034994956,0.020974359,0.028140128,0.012437626,-0.0019928468,-0.03524936,-0.01075572,0.031094063,0.035560302,0.026981167,-0.01631025,-0.0383305,-0.0030263711,0.03516456,-0.042174857,-0.013759123,0.0169604,-0.006897229,0.027857454,0.04183565,0.013723789,-0.010741586,-0.014826215,0.0047383113,-0.018345498,0.009448355,0.004989184,0.0019946136,0.009476623,-0.02483285,0.02005567,-0.043051146,0.015688369,-0.02209092,0.00596794,0.057948027,-0.021355968,-0.010056103,-0.02070582,0.0036358854,-0.007462575,-0.009151548,0.014557675,0.010515447,0.024677379,0.0070738997,0.012296289,0.028889213,0.004123497,0.013978195,0.012006549,-0.018175894,0.0020794156,0.003674753,-0.022274656,0.0065580206,0.0030670054,-0.013130175,0.03524936,0.025666736,-0.007172835,0.004508639,0.040818024,0.0170452,0.02536993,0.005081053,-0.0032065753,-0.0058336705,0.020903692,0.007971387,-0.010904123,0.015052354,0.012183219,0.0063071484,-0.0058866716,0.021949582,-0.0073212385,0.011921747,0.04457758,-0.0037383544,0.0119288135,0.009264617,0.0042224326,-0.0058336705,-0.034373075,0.019080449,-0.008543801,-0.028182529,-0.0052153226,-0.018840175,-0.021228766,-0.042174857,0.00738484,0.037736885,0.0048407805,-0.019151116,0.007088033,0.01869884,-0.0020599817,-0.011377601,-0.016013443,-0.02086129]","{""h"":1.1111111111111076,""s"":57.446808510638256,""l"":81.56862745098039}",#ebb6b5
6,https://autolayout.oss-cn-beijing.aliyuncs.com/background/%E8%93%9D%E7%B2%89%E8%89%B2%E6%8A%BD%E8%B1%A1%E6%9B%B2%E7%BA%BF.jpg?OSSAccessKeyId=LTAI5t6QuPcFFd4HvdBWdaZw&Expires=4840139532&Signature=TSPhAgsFIvdnPjdZ8fCAho8t9mU%3D,"{
    ""productType"": [""美容与健康"", ""服装与配饰"", ""家居用品"", ""手机"", ""电脑与办公""],
    ""cultureTendency"": ""/"",
    ""styleTendency"": ""甜美清新"",
    ""titleUser"": ""偏爱柔和粉彩色系美学的年轻女性群体"",
    ""historyStyle"": ""孟菲斯设计"",
    ""sense"": ""平静、舒缓与清新"",
    ""otherSenses"": ""淡雅花香气息与微风轻拂的声响"",
    ""festivalNode"": [""母亲节促销"", ""情人节促销"", ""春季促销""],
    ""colorTendency"": ""粉紫色系"",
    ""colorSorting"": [""#f0c0d8"", ""#dfeef5"", ""#c3b4e1""]
  }
","[0.053247906,0.0031076556,-0.031051878,-0.008545612,0.017034817,-0.030769844,0.0060813455,0.029416084,-0.027244426,-0.0082494775,-0.021829385,-0.018007834,-0.030741641,-0.074118376,0.017937325,0.073103055,-0.038215525,-0.0064656157,-0.0051964656,0.023634398,0.022830604,0.0253266,0.009828864,-0.010477541,0.0109005915,0.008277681,-0.038102712,0.09143523,0.03742583,0.010689066,-0.0038991119,-0.04154352,0.03480292,0.008693679,0.02888022,0.0098147625,-0.0067159203,0.00072976144,0.016555361,-0.0077629695,-0.018289866,-0.02457921,0.039484676,-0.0089757135,0.021251217,0.003608265,-0.01740146,0.04760724,0.0067511746,0.024804838,0.013876043,-0.07535932,0.0011572184,-0.0033755873,-0.02896483,-0.024367686,-0.0019143018,0.023267755,0.008432799,0.020630743,0.060580775,-0.014299094,0.00544677,0.0061342265,0.011217878,-0.019319288,7.656766e-05,-0.0168938,0.0027938935,-0.015892582,0.05877576,-0.014454212,-0.0030001304,0.0009818288,-0.0092083905,0.023098536,-0.04002054,-0.011796047,0.016992513,-0.028005917,-0.022929316,0.021942198,-0.014637534,0.0131780105,-0.022040911,-0.053727362,-0.02964171,0.0211102,-0.047832865,0.0649805,-0.0337876,0.013199164,-0.013248519,-0.008531511,-0.025524024,0.0012277267,-0.03257486,-0.03249025,-0.018388579,0.042107586,0.028823813,-0.06272423,-0.0041987724,0.022858808,-0.010364727,0.0036911122,0.005816939,-0.013516451,-0.016851496,-0.013029943,-0.09087116,-0.0028503002,0.010696117,0.090194285,0.040415388,0.025791954,0.008799442,-0.045350973,-0.0034637228,-0.032631263,-0.06904177,-0.0017953189,0.003511316,-0.018303968,-0.030939065,0.039710302,-0.026821377,-0.03350557,-0.06221657,-0.01833217,0.0078828335,-0.0055102278,-0.036777157,-0.044025414,0.0037298917,-0.02253447,-0.008256528,0.047917474,-0.056378476,-0.012564588,0.057365593,-0.052994076,0.015399024,0.005520804,0.0034901635,-0.045548394,-0.024861244,0.01934749,-0.013805535,0.093917124,-0.045971446,-0.0033579601,0.0023919959,-0.0136715695,0.03595926,-0.050455775,0.058550134,-0.027413648,-0.07321587,-0.016202819,0.0236485,-0.048143104,-0.0077982238,-0.032800484,0.008891103,0.0063774805,-0.03218001,-0.033054315,-0.030769844,-0.022661384,-0.0012894215,-0.053501736,0.012275504,0.008200121,0.03065703,-0.021490945,-0.009906423,-0.0137843825,0.0024871822,0.052288994,0.047832865,0.038469356,-0.017218139,-0.056632306,-0.03353377,-0.048509747,-0.0022985723,-0.0119793685,-0.004889754,-0.039371863,-0.034267057,-0.010075644,0.044617683,0.011175574,0.026553445,-0.059396233,-0.0056618205,0.04602785,-0.012360114,0.032208215,0.012959435,-0.012190894,0.03181337,0.007847579,-0.03641051,0.0139042465,-0.040697422,-0.0015608786,-0.0018843357,-0.028175138,0.054573465,-0.008813544,0.011090963,0.052035164,0.011958216,0.016752785,0.03344916,-0.021730674,-0.0050695506,0.05327611,0.013713874,0.010357677,0.07541573,0.00553138,-0.012740859,0.0078898845,0.04044359,-0.04281267,-0.04633809,-0.052317195,0.004660602,0.033674788,-0.021124301,0.009419915,-0.002524199,-0.022647282,0.0054643974,-0.0044949073,0.03807451,-0.033420958,-0.030346794,0.03082625,0.0073610716,0.028020019,0.034831125,0.012444724,0.011521065,-0.030854454,-0.013107503,-0.008947509,0.015215702,0.027752087,-0.020348711,0.004882703,0.040556405,-0.014242687,-0.017937325,0.0078898845,-0.027667478,-0.01021666,0.046958562,-0.004219925,0.03531058,-0.03201079,0.0023267756,0.003825078,0.0056124646,-0.002887317,-0.013100452,-0.0027938935,-0.0139042465,-0.028175138,0.036043867,0.03192618,0.0095750345,-0.010033338,-0.03251845,0.0034355193,0.01663997,0.024762534,-0.060129523,-0.021688368,0.029500693,-0.057027154,-0.019121865,0.02886612,0.0422204,-0.023366468,-0.040217962,0.008559714,-0.006010837,-0.036043867,-0.042840876,-0.06701114,-0.04543558,0.0009448119,0.015497736,0.015765667,-0.0068357848,-0.022576774,0.06644707,0.00468528,-0.012846622,-0.02769568,0.010357677,0.015497736,-0.0009597949,-0.017866816,0.045717616,0.02921866,-0.015314414,-0.0067229713,0.034718312,-0.08099999,-0.019460306,-0.0046041952,-0.013044045,0.048227713,-0.02085637,-0.022139622,0.017077122,0.0019953863,0.08517409,0.016936107,-0.0018296917,-0.028711,0.015652854,-0.03082625,-0.017063022,-0.06407799,-0.048509747,-0.023013925,-0.0028432494,0.004322162,0.0078123254,-0.009384662,0.0278649,-0.01004744,-0.010851235,0.0354516,-0.029698117,-0.08054874,-0.023592094,-0.03638231,0.00493911,-0.036156684,-0.0040577557,-0.0043433146,0.013227367,0.038384747,-0.0013026418,-0.006603107,0.03344916,-0.014320246,-0.023733111,-0.046930358,0.018261664,0.0061342265,-0.034267057,0.0337876,0.02422667,-0.040471792,0.047917474,-0.010237813,0.040556405,-0.016766885,-0.0405282,0.009194289,0.06385236,-0.017951427,0.046930358,0.013389536,0.027004698,-0.017782206,-0.0041599926,0.033646584,-0.0058557186,-0.01663997,0.008566764,0.0396821,0.026200904,0.016414344,-0.0046888054,0.01874112,0.011655031,-0.007033208,-0.006863988,0.011965267,0.012219097,0.0034408076,0.008961611,-0.06351392,-0.007819376,0.018868035,0.036100276,0.04348955,0.045097142,0.020475626,0.0058803963,-0.0010770151,-0.0016093531,-0.010258965,0.0077206646,0.024381788,-0.014891364,0.029698117,-0.020461524,-0.0014886076,0.024536906,-0.004551314,0.0067723272,-0.06447284,0.033702992,0.048961,-0.0320672,-0.04653551,0.009039171,0.03672075,0.06407799,0.030685235,-0.023563892,-0.07016991,0.00852446,-0.038723186,-0.011168523,0.023860026,0.038271934,-0.06131406,-0.060016707,-0.0675752,-0.025157379,-0.0048368727,0.0052493466,-0.035338785,0.022844706,-0.03282869,-0.009039171,0.015638752,0.021321725,-0.028781509,-0.0038109764,0.019432101,-0.008052054,0.022675486,0.017119428,0.044871513,0.021011489,-0.013438892,-0.033420958,-0.04780466,-0.06278063,0.021180708,-0.052232586,-0.023352366,0.008877002,0.06904177,-0.034238856,-0.0010021,0.038638577,0.0023884703,0.034464482,0.027991815,0.0031622995,0.016019497,-0.0059967353,0.0002705758,-0.033477366,-0.030995471,0.04205118,-0.038130917,0.016414344,-0.01747197,-0.0047170087,-0.028753305,0.022548571,-0.019234678,0.024861244,0.05623746,0.04594324,0.014623432,0.022957519,0.03832834,-0.02466382,-0.0015256244,-0.05099164,0.0035395192,0.042333215,-0.020715354,-0.06689832,-0.0090885265,0.0033914517,-0.034323465,0.016456649,-0.016936107,-0.022012707,-0.00599321,0.039484676,0.010364727,-0.015145194,-0.059734676,0.019869253,0.018360374,0.022520367,0.032123603,0.067913644,-0.00019334712,0.024085652,-0.00979361,0.013988857,-0.030516014,-0.04332033,0.020376913,-0.011803098,0.018896239,0.01662587,-0.010710219,0.002971927,0.029444287,-0.033477366,-0.017457867,-0.024635619,0.022802401,-0.038836,0.0065361243,-0.021772979,-0.06797005,-0.005351584,-0.07332868,-0.024804838,-0.047832865,0.022576774,0.0057499562,-0.011083913,0.024847142,0.031362116,0.023944637,0.00071742246,-0.029980151,0.001688675,0.020912778,0.019911557,-0.029782727,-0.026412427,-0.021688368,-0.027343139,0.0018085391,-0.041233283,-0.010357677,-0.011866556,0.047776457,0.017570682,-0.023211349,0.038525764,0.0057605323,0.0034513837,0.028316153,-0.01444011,0.0050025675,0.021519149,0.020912778,-0.011041608,-0.031333912,0.03815912,0.0017741664,-0.000109893874,0.0011149133,0.03175696,0.049525067,-0.00903212,-0.00073372753,-0.021462742,-0.019418,-0.010124999,-0.025707345,0.005894498,-0.02744185,0.009441068,-0.026821377,-0.003008944,0.015977193,-0.023211349,0.020743556,0.009779508,0.030487811,-0.036607936,-0.013706824,0.019728236,0.011380048,0.037200205,-0.009899372,-0.03226462,-0.001101693,0.041092265,0.02043332,0.011873607,-0.008284731,-0.011972318,0.008947509,0.0011510488,-0.019051356,-0.020165388,-0.045463786,-0.04625348,0.0005693549,-0.016315632,0.04966608,0.0008192189,-0.019982066,0.009589136,0.0077136136,-0.034013227,0.02591887,-0.009899372,-0.047691848,-0.006737073,0.0034178924,-0.01934749,-0.0005711176,0.0035924006,-0.010886489,-0.02466382,-0.008221273,0.021758877,-0.018106544,0.013022892,0.033138923,-0.013650416,-0.030713437,0.016992513,-0.004145891,0.041205082,0.00011226252,-0.00027608426,-0.030487811,-0.005979108,0.034887534,0.005690024,0.0024060975,-0.0027251479,-0.008341138,-0.010244863,0.025552226,0.031362116,-0.023986941,0.012698554,-0.015793871,-0.010167304,-0.030205777,0.013213265,0.024184365,-0.01816295,0.013854891,0.02237935,0.009321204,-0.0034337568,0.016837394,0.0047557885,0.026553445,-0.001213625,0.041092265,-0.013876043,0.036156684,-0.0043362635,-0.019319288,0.02989554,0.045802224,0.02185759,0.003934366,0.011464658,0.04760724,0.036269497,0.040217962,0.039230846,0.02559453,0.0112601835,-0.0055666342,0.008834696,0.025453515,0.0038286035,0.018924441,0.0022016233,0.014341398,-0.023634398,-0.011951165,0.02651114,-0.025129177,0.023944637,0.014792652,-0.022999825,0.034577295,-0.008926357,0.037030987,0.01317096,0.032292824,0.010463439,-0.046902154,0.023986941,0.003948468,-0.0103012705,0.0022791824,-0.006730022,0.010703168,-0.024931753,0.0030582997,-0.04365877,0.023592094,-0.020461524,0.0058204643,0.025157379,-0.0014418957,-0.011006353,-0.0036664342,-0.027991815,0.02896483,0.023817722,4.621602e-05,0.02185759,-0.022308841,0.019573119,0.007551444,-0.064247206,0.044194635,-0.017373258,-0.010068593,-0.010907642,0.015836176,0.005499651,-0.031277504,0.0018473188,-0.01587848,-0.0015018279,0.019262882,-0.011662081,0.0329415,-0.025961176,0.016555361,-0.046620123,0.0027815544,0.006578429,-0.027244426,0.012867774,-0.0014057603,-0.033900414,-0.006423311,-0.011196726,0.05259923,0.0046112463,0.008312935,-0.0329415,-0.007819376,0.057647627,0.012839571,-0.0054326686,-0.0075937496,-0.022506265,-0.01975644,0.02380362,0.02017949,0.00777002,0.037510443,0.028146934,0.04856615,-0.009955779,0.015779769,0.01157042,0.026271412,-0.008171918,0.047184188,-0.051386487,-0.016752785,0.00053938886,0.0030865031,-0.002887317,-0.013135706,0.006874564,0.009969881,-0.0062611415,0.0019918608,-0.010202559,0.020024372,0.047832865,-0.017500173,0.0021381658,-0.0011431166,0.0006583717,-0.022774197,0.0253407,-0.0061765313,0.023183146,-0.04044359,0.03849756,0.015286211,-0.020588439,-0.013290824,-0.010710219,0.028344357,0.0075443937,-0.08748676,0.023577992,0.027554663,-0.0059650065,-0.011852453,-0.022915214,-0.019234678,0.026891885,0.036607936,0.0014886076,0.023070332,0.0152016,-0.014482415,-0.023324162,0.0020676574,-0.0059227017,0.07733356,-0.00650087,-0.027540563,0.0064374125,-0.03536699,0.009271848,-0.011521065,0.016992513,-0.003299791,-0.01233191,-0.012522283,0.0025277245,0.047268797,-0.02566504,-0.035846446,-0.0052211434,-0.02422667,-0.0354516,-0.01797963,0.029303271,0.0004891517,0.0024360635,0.0041599926,0.0059473794,0.0137843825,-0.015920786,0.017373258,0.03688997,0.023211349,-0.03612848,-0.036805358,0.012303707,-0.011880657,-0.0017873867,0.014595228,-0.017923223,0.03858217,-0.038525764,-0.009293,-0.0033702992,-0.0075866985,-0.04760724,0.04422284,0.003892061,-0.028231544,0.0100544905,-0.0061412775,-0.040951252,-0.008030901,-0.0050342963,-0.005943854,0.014454212,0.007530292,-0.0017486071,-0.008799442,0.022266537,0.040133353,-0.016682277,0.0057957866,0.007727715,0.00074871053,0.003909688,-0.0061730063,-0.026722666,0.005890973,0.020828167,0.003528943,0.04447667,0.021519149,0.010371778,-0.050060928,-0.016992513,0.018783424,-0.021223014,0.008334087,-0.0089757135,0.0084469,0.0006993547,-0.05039937,0.017274546,-0.007896936,-0.002450165,0.018374477,-0.008453951,0.013467095,-0.003782773,-0.03249025,-0.029698117,0.014214483,0.010287168,0.005319855,-0.003516604,0.012021674,-0.007325818,0.014002958,-0.022760095,0.014975973,0.026525242,-0.03595926,0.005312804,0.010188457,0.015497736,0.01883983,-0.026285512,-0.0055067022,0.018529594,0.00987822,0.023028027,-0.030741641,0.015131092,-0.031192895,-0.035649024,-0.022139622,0.018543696,-0.024325382,-0.011457607,-0.0075866985,0.030600624,0.014806754,0.0053269058,0.014362551,-0.011591573,0.0021646065,0.0123389615,0.019700034,-0.0035906378,-0.016654072,0.00070023607,-0.021490945,0.007911037,0.0131780105,0.0033244689,0.009222493,-0.010463439,-0.004928534,-0.0035095531,-0.008376393,0.019615423,-0.027879002,0.03782068,-0.032603063,-0.0001683387,-0.0137843825,-0.0049532116,0.00062708365,0.018021934,0.016442547,-0.04044359,-0.031362116,-0.04213579,-0.016428446,0.00013099129,0.028090527,-0.0168797,0.0028714526,-0.019305186,0.043094706,0.0027568764,-0.00793219,-0.0006782022,0.023169044,0.0072835125,0.020193592,-0.001924878,-0.029021237,0.034323465,-0.01984105,0.0026193853,0.046140663,0.01984105,-0.012628046,-0.02913405,-0.04078203,0.010463439,-0.02119481,0.044053618,0.018698815,0.0034037905,0.029698117,0.0011545742,-0.003994298,-0.0044279243,0.032462046,-0.004283382,0.070564754,-0.018134749,0.01992566,-0.0076149018,-0.015807971,0.009631441,-0.021730674,0.0052987025,0.008510358,0.026497038,0.005852193,0.019714136,-0.026525242,-0.0012347775,0.018050138,0.026440632,0.008982764,0.010632659,0.011852453,0.006155379,-0.02769568,6.9351576e-05,0.006222362,0.048848186,0.014524721,-0.003225757,0.006469141,0.019488508,0.011246082,0.020235896,-0.029951947,-0.007868732,0.013953603,0.0160336,0.024635619,-0.027286733,-0.0036206038,0.014136924,0.041769147,0.030685235,-0.02989554,-0.0018931492,0.010258965,-0.007847579,-0.010103847,0.0022051486,0.006705344,-0.023380568,0.016160514,0.01950261,-0.022337046,0.021744775,0.0005803719,-0.002735724,0.007918088,0.00937056,-0.0109005915,0.020489726,0.024522804,0.0053410074,-0.0008597612,0.013431841,-0.0005389482,-0.018219357,-0.013311977,0.0010303033,0.015469532,-0.00970195,-0.022731893,0.0038109764,0.0027551139,-0.0052105673,0.010759574,-0.00071962585,0.0069168694,0.007727715,0.0012189131,0.0185719,0.002233352,-0.0088629,0.0047487374,-0.011154421,-0.0039801965,0.025707345,0.006737073,-0.008757137,-0.028217442,-0.039033424,0.0023955212,-0.014961872,-0.021081997,0.012430622,-0.031192895,-0.02913405,-0.023422875,0.007974494,0.0060672434,0.019883355,-0.023479281,0.0037334173,0.024931753,0.021208912,0.02466382,0.043799788,0.04295369,0.027625171,-0.022421656,-0.01123198,0.0018808102,-0.032349233,-0.011119167,0.0069944286,0.0025999954,-0.007981545,0.034323465,0.03587465,0.0035377564,0.0054256176,0.0072059534,-0.008178969,0.022421656,0.018698815,-0.0023091484,-0.0057464307,-0.015314414,0.013897196,0.023831822,-0.0067405985,-0.023563892,-0.0028714526,-0.0025224362,0.015652854,0.012874825,0.01874112,0.007061411,0.004283382,-0.0011008116,-0.007354021,0.0009968118,-0.01934749,-0.0037968748,-0.029980151,-0.036805358,0.049243033,-0.010442287,0.010195508,0.0075091394,0.018275764,-0.0066559883,-0.0017089462,0.09352227,-0.03082625,-0.006638361,-0.015328515,-0.0072412076,-0.016555361,-0.044307448,0.029444287,0.0019707084,-0.006578429,0.0032821638,0.031841572,0.0068921912,0.011295438,0.0061624297,0.0075373426,-0.045661207,0.03226462,0.014722143,-0.016513055,0.028837916,0.02584836,-0.007110767,-0.016075904,0.017246343,-0.0073610716,-0.010964049,-0.006433887,0.020405117,0.013262621,-0.012529334,0.023338264,-0.041430708,-0.010273066,0.04374338,-0.014961872,-0.013861942,-0.0139254,0.019615423,-0.028668696,-0.01628743,-0.021434538,0.010019236,0.007819376,0.033138923,0.017880918,-0.017993731,-0.0063880566,0.007311716,-0.008855849,0.01157042,0.026398327,0.026525242,-0.007692461,-0.007325818,-0.011690284,0.008129613,-0.006846361,-0.014094619,0.001158981,-0.0073822243,0.017754003,0.014623432,0.03198259,0.0078828335,-0.008482154,0.016696377,0.032292824,-0.01300174,0.027498256,0.006423311,0.0027551139,0.00072976144,-0.0075584953,0.006804056,0.015088787,0.022915214,-0.019262882,0.027653376,-0.051019844,0.017739901,0.051301878,0.018656509,-0.0038603323,-0.014002958,-0.037595052,-0.041176878,0.01224025,-0.007269411,0.0028256222,0.010519846,-0.026398327,-0.0034002652,0.027427748,-0.017612986,-0.00426223,-0.01004744,-0.0035818242,0.03612848,0.008707781,0.012705605,0.0046641272,-0.009899372,0.048227713,-0.02759697,-0.021420438,-0.030374998,0.018021934,0.008750087,-0.0037545697,0.014849058,0.00996283,0.0069627,-0.0040894845,-0.02051793,0.0035483327,0.0069697504,-0.036748953,-0.03435167,-0.013911298,0.0012118623,-0.009130832,0.005379787,-0.0099275755,0.005587787,0.013410688,-0.006433887,-0.005605414,-0.04997632,0.017260443,0.006853412,-0.011937064,-0.0017882681,0.017006613,0.00987822,-0.0068357848,-0.0036911122,-0.033618383,0.012705605,0.01637204,0.04577402,0.002034166,-0.00692392,-0.0007526766,0.011845403,-0.021928098,0.012522283,0.019065458,-0.040584605,-0.0051224316,-0.003571248,0.021138404,0.0031675876,-0.0087289335,-0.021039693,0.008129613,0.018050138,-0.00620826,-0.02845717,0.039033424,0.005901549,0.0185719,-0.022492165,0.00030076219,0.0019477932,-0.008461002,0.0024484026,0.020391015,0.0009404051,-0.030121168,0.019798744,-0.026384225,0.007142496,0.026567547,-0.00827063,0.012113335,0.01342479,0.04188196,0.001534438,-0.021730674,-0.040048745,-0.019897457,-0.011436455,-0.034915734,0.00020469456,-0.0185719,0.0040824334,-0.023563892,0.014292043,0.015258007,0.00043076195,-0.034126043,-0.005136533,-0.0060425657,0.018177053,0.0337876,-0.00051118556,0.0047311103,0.010576253,0.031051878,-0.053050485,0.01704892,-0.027808493,0.04653551,0.02119481,-0.026017582,0.018289866,0.004678229,-0.036438715,-0.01654126,0.038384747,0.00510833,-0.009257747,-0.01654126,0.01781041,0.011542217,0.0045477888,0.052712042,0.0016252175,-0.0023637924,0.02769568,0.0058980235,0.0005988803,-0.011605674,-0.031390317,0.053050485,0.0065325988,0.011781946,0.015469532,-0.023070332,0.013819637,0.067857236,0.0089757135,-0.02610219,0.053755566,0.019206475,-0.019446203,0.0043433146,0.007777071,0.003937891,0.015624651,-0.044392057,-0.022139622,0.012846622,-0.0709032,-0.015300312,0.017189937,-0.017669393,-0.009391712,0.049299438,-0.031841572,0.009398763,0.016569462,-0.0042516533,0.0026775547,-0.02237935,0.0024254874,-0.0038356544,0.04348955,-0.030177575,-0.0143837035,-0.01215564,-0.006254091,-0.011528116,0.017006613,0.054517057,0.0049673133,-0.014496517,0.013798485,-0.0014330823,0.0015203364,0.027498256,-0.010886489,0.026356021,-0.007903986,-0.009864118,0.027230324,-0.0054855496,0.0029877913,0.01325557,-0.017260443,-0.007318767,-0.015399024,-0.015441329,0.021180708,-0.026525242,-0.022590876,0.035931055,0.0253407,0.026553445,0.0149900755,0.0064867684,-0.035649024,-0.006677141,0.03282869,0.034915734,0.016710479,-0.019770542,-0.040669218,0.0040084,0.044392057,-0.0388078,-0.009758356,0.0026334869,-0.011915911,0.02051793,0.036184885,0.005852193,-0.02043332,-0.015399024,-0.0027374867,-0.011796047,0.007840529,0.00061606674,-0.004103586,0.013756179,-0.02457921,0.019530812,-0.03985132,0.0058380915,-0.018219357,0.015624651,0.05494011,-0.025044566,-0.024917651,-0.015356719,0.0016164039,-0.0014172179,0.0031605368,0.014010009,0.0051012794,0.016090006,0.010484592,0.014778551,0.025439413,0.0020623694,0.005834566,0.009151984,-0.00962439,0.0032627739,-0.0025524022,-0.013981806,0.014284992,-0.0010373541,-0.01080893,0.026116293,0.01730275,-0.0035201295,0.004456128,0.04492792,0.010230762,0.0278649,0.011246082,0.011817199,-0.0048439237,0.023253653,0.00561599,-0.0056794477,0.018642409,0.023916433,0.013036994,0.006863988,0.034210652,0.010674965,0.024395889,0.032462046,-0.002221013,0.014348449,0.014524721,0.018614205,-0.017359156,-0.021998605,0.01443306,-0.004121213,-0.02684958,0.0012753198,-0.023310062,-0.00015225397,-0.03807451,0.022562671,0.035508007,0.0033861636,-0.028823813,0.0026528768,0.0105551,0.0014762686,-0.0066524628,-0.013234418,-0.019798744]","{""h"":268.8888888888889,""s"":35.06493506493507,""l"":84.90196078431373}",#d8cbe6
7,https://autolayout.oss-cn-beijing.aliyuncs.com/background/54acd25e41ae4ae5a1c82c5f41721976.png?OSSAccessKeyId=LTAI5t6QuPcFFd4HvdBWdaZw&Expires=4840139308&Signature=9RGCK9o1FI96ziWUPYClyxHjxQQ%3D,"{
    ""productType"": [""消费电子"", ""美容与健康"", ""服装与配饰"", ""手机"", ""电脑与办公"", ""汽车及配件""],
    ""cultureTendency"": ""/"",
    ""styleTendency"": ""前沿潮流"",
    ""titleUser"": ""科技爱好者、时尚先锋人士、专业人士"",
    ""historyStyle"": ""国际风格"",
    ""sense"": ""活力四射、充满未来感"",
    ""otherSenses"": ""背景带有微弱电流声，气息融合新电子产品与金属质感"",
    ""festivalNode"": [""春季促销"", ""夏季促销"", ""情人节促销"", ""圣诞节促销""],
    ""colorTendency"": ""橙黑配色"",
    ""colorSorting"": [""#FF8C00"", ""#000000"", ""#FFD700""]
  }
","[0.022647444,-0.007899392,-0.060897134,-0.015995326,0.02004707,-0.02600374,0.000963329,0.0490745,-0.018217737,-0.009932824,-0.011308604,-0.0217101,-0.035165526,-0.051221322,0.026230518,0.057752494,-0.052763406,-0.02201247,-0.01877712,0.015919732,0.009003039,0.01750717,0.031325437,-0.009433916,-0.034107234,0.019759819,-0.056089465,0.13147008,0.0504654,0.008776262,-0.0076348195,-0.037221633,0.026154926,0.0013049116,0.017628118,0.0013342036,-0.007793563,-0.003216451,0.017355986,0.004970192,-0.01594997,-0.04450873,0.047865026,0.020228492,0.032081358,-0.021982232,-0.052521512,0.0059339935,0.008753585,0.0371914,0.010726543,-0.051856298,0.005801707,-0.0002019731,-0.052733168,-0.027439995,-0.008345387,0.029163498,0.011021353,0.015934851,0.08411908,-0.037735663,0.019835413,0.007090555,0.016675655,-0.03150686,0.0031824347,0.0040177293,-0.010159601,-0.02934492,0.06301372,-0.021468205,-0.017567644,-0.0045128586,0.00938856,0.020485505,-0.030146198,-0.021256547,0.03631453,-0.01673613,-0.011384196,0.025187345,-0.044236597,0.02972288,-0.03598192,-0.026049096,-0.036616895,-0.019517925,-0.08212344,0.04644389,-0.038461346,0.017235037,0.0125785535,0.0011395535,-0.021831049,0.027651653,-0.04940711,-0.014627105,-0.011089386,0.057087284,0.029874066,-0.04245262,0.007838919,0.0004998539,0.00616077,0.0162221,-0.015995326,-0.03737282,-0.04205954,0.001261446,-0.08266771,-0.0021770573,-0.016675655,0.06277182,0.025882794,0.026381703,0.03794732,-0.03961035,-0.002082567,-0.035830736,-0.07287095,0.012608791,0.020561097,-0.014241584,-0.027848193,0.025293173,-0.011981375,-0.043299254,-0.05772226,-0.07401995,0.006081398,0.008866973,-0.046988156,-0.036254052,-0.01300943,0.0044221478,-0.024129054,0.047592893,-0.08073255,-0.013054785,0.030282265,-0.045929864,0.03265586,0.0072984337,-0.0021959555,-0.014090399,-0.014324736,0.022118298,-0.016282575,0.07178242,-0.017613,-0.012805331,0.0045241974,0.0056732,0.04819763,-0.043148067,0.07002868,0.0053065773,-0.09808853,-0.03806827,0.0166303,-0.056482546,-0.005801707,-0.02249626,-1.7805523e-05,0.0036227596,-0.04018485,-0.041122194,-0.038763717,-0.036042396,-0.010152042,-0.06531172,-0.00050694065,0.008768704,0.03746353,0.00508358,0.014551512,-0.025928149,-0.0034942527,0.043964464,0.023312656,0.05016303,-0.0030690462,-0.049921136,-0.033502493,-0.034379367,0.002143041,-0.0060700593,-0.001350267,-0.05944576,-0.01759788,0.00064962107,0.035558604,0.0063421917,0.006085178,-0.04762313,0.0038778835,0.020304084,0.021951996,0.03365368,0.029072788,0.004441046,0.04118267,0.013364714,-0.04193859,0.016978024,-0.039277744,0.015965087,0.010084009,-0.020878585,0.06555362,-0.016040679,0.0067844065,0.063920826,0.009985739,-0.0028063632,0.024083698,-0.000977975,-0.003794732,0.03667737,0.009260053,0.02884601,0.059052683,0.016146509,0.0052650017,0.019094607,0.014937033,-0.033865336,0.0061758887,-0.019124845,0.012261067,0.024219764,-0.00831515,-0.026457295,0.0027232117,-0.0042029303,0.0012605011,0.0052650017,0.021120481,-0.04381328,-0.03991272,0.03616334,0.009071073,0.031748753,0.0512818,0.0185957,0.014846322,-0.016841957,-0.029103024,-0.007982544,0.020818112,0.046020575,-0.044145886,0.0044486052,0.033290837,-0.023630144,-0.022859102,0.02601886,-0.018414278,-0.022934696,0.019744702,-0.0070527587,-0.0055787098,-0.02562578,-0.00040040282,0.016584944,0.014627105,-0.00075025327,-0.028241273,-0.03422818,-0.014914355,-0.0062250234,0.02601886,0.0097892,0.00035882706,-0.03716116,-0.020818112,0.0031370793,0.013568813,0.03356297,-0.0778298,0.0027156523,0.010303226,-0.046292707,-0.029465867,0.028543642,0.02923909,-0.0065425113,-0.038400874,-0.014135755,0.039852247,-0.03697974,-0.0262154,-0.055182356,-0.016055798,-0.010341023,0.028407576,0.02210318,-0.020364558,-0.05303554,0.059052683,-0.024854738,0.017386222,-0.017416459,-0.007838919,0.03177899,0.0024661978,-0.0146649005,0.043994702,-0.020787874,-0.035346948,0.0020806773,0.033290837,-0.0930692,-0.043299254,-0.013221088,-0.0017868123,0.018338686,-0.023509197,-0.05418454,-0.0018709087,-0.018353803,0.07456422,0.02004707,0.00064017205,-0.049649004,0.029617053,-0.008776262,-0.013357154,-0.050404925,-0.05968766,-0.038612533,-0.00557115,0.009260053,0.008874533,-0.0066861366,0.010998676,0.0012954626,-0.04100125,0.01408284,-0.014294499,-0.05221914,-0.029087907,-0.020077307,0.021060007,-0.02006219,-0.009381001,-0.02279863,0.0017792531,0.047502182,0.0067730676,-0.004879481,0.034288656,0.0046678227,0.002651399,-0.050798006,0.0172048,0.020878585,-0.033502493,0.015919732,0.026638716,0.00254179,0.070452,-0.002846049,0.006474478,0.003178655,-0.05838747,-0.00841342,0.053186722,-0.0125256395,0.051523693,-0.01672101,0.032534912,-0.030524159,-0.021060007,-0.0073211114,-0.00023409982,-0.0049059386,0.0050193267,0.039066087,0.018459633,0.0019578398,0.0010828592,-0.019381858,0.005174291,0.0037285888,-0.025701372,0.025474595,-0.0014003469,-0.032202307,0.008541927,-0.08309103,-0.029647289,0.00056316244,0.017023379,0.03982201,0.05545449,0.04393423,0.010514885,0.011482466,0.007884274,-0.022843985,-0.0020957957,0.012465166,0.004380572,0.00011663651,-0.010114246,0.0020485506,0.019034134,-0.014785849,0.030675344,-0.05291459,0.039187033,0.06410225,-0.028936721,-0.039519638,0.0030180214,0.029601933,0.055817332,0.041605987,0.004236947,-0.059415527,-0.036647134,-0.013372273,-0.017235037,0.01075678,0.030070605,-0.043964464,-0.022178773,-0.061774004,-0.021498442,-0.008065695,0.02709227,-0.013583931,0.016358167,-0.017008262,0.011119623,0.013939215,0.01808167,-0.01133884,0.014634664,0.042271197,0.010900405,-0.00028087254,0.026275873,0.029571697,-0.023070762,0.03159757,-0.0326861,-0.06646073,-0.030992832,0.010628274,-0.07256858,-0.014891678,-0.03081141,0.032232545,-0.0040328475,-0.01046197,0.014952151,0.010280549,0.017083853,0.021120481,-0.0077104117,0.011996494,0.024476778,-0.003208892,-0.04544607,-0.029874066,0.043299254,-0.014423005,0.018263092,-0.007200164,0.013062345,0.0053481534,0.04429707,0.0068977945,0.03882419,0.0648884,0.026245637,-0.030372975,0.024718672,0.0054426435,-0.046413656,-0.0054388638,-0.023977868,0.03737282,0.025414122,-0.024733791,-0.084723815,-0.0028536082,0.0039232387,-0.041636225,0.03725187,-0.019396977,0.009078632,0.0010885287,-0.012805331,-0.008534367,-0.024008105,-0.051009666,0.04577868,0.0052272053,-0.003843867,0.049769953,0.06875873,0.025928149,0.026366584,-0.0070603183,0.005733674,-0.02612469,-0.02319171,0.0050986987,-0.011467348,0.024884976,-0.004127338,-0.020137781,-0.0058772992,0.037886847,-0.024824502,-0.0303125,-0.042966645,0.023524314,-0.016479116,-0.00021780023,-0.011482466,-0.03716116,-0.0018142145,-0.09524626,-0.052188903,-0.035346948,0.03120449,0.014271821,-0.0064026653,0.00195595,0.02455237,0.015262079,0.0047018393,-0.02181593,-0.024764027,0.0038381976,0.012782653,-0.0047812113,-0.019502806,-0.015080658,-0.042785227,0.020954177,-0.043178305,-0.029707763,-0.0071170125,0.03903585,0.021286784,-0.027349284,0.034984104,-0.021105362,0.0075441087,0.031839464,0.0019190988,-0.006005806,0.009071073,0.016146509,-0.0039232387,-0.047199816,0.02279863,0.020228492,0.009675811,0.013258885,0.026487531,0.026880613,-0.00909375,-0.011459788,-0.02229972,-0.03147662,0.0014806637,-0.0037021316,0.0012189253,-0.020364558,-0.024809383,-0.023146354,0.004732076,0.01017472,-0.017098973,0.013326918,-0.013651964,0.039640587,-0.03697974,-0.008005221,0.017461814,-0.006727712,0.014491038,-0.020500625,-0.008383183,-0.015783666,0.027062032,0.027439995,0.010091568,0.004478842,-0.0059604505,0.029617053,0.01897366,-0.014165992,0.0058621806,-0.034591023,-0.04175717,0.011890665,-0.01016716,0.031325437,0.017537408,-0.006077619,0.0049739713,-0.004195371,-0.039670825,0.013848504,-0.015012625,-0.030267145,-0.034893394,0.006349751,-0.022526497,-0.016615182,0.012223271,0.00013240459,-0.020742519,-0.01985053,0.034258418,-0.013062345,0.028664589,0.038703244,0.0026041537,-0.022027588,0.036616895,-0.0077708857,0.035256237,-0.0067012548,0.021861285,-0.024023224,-0.021528678,0.04753242,-0.0017594101,-0.012903601,-0.003452677,-0.020606453,-0.00041646618,0.0029518781,0.014869,-0.030252026,0.022949813,-0.020848349,-0.02192176,-0.033986285,0.00616455,0.03180923,0.009758962,0.01133884,0.017068734,-0.0020579996,0.0021449307,0.030645106,0.015587126,0.02045527,-0.016554708,0.019124845,-0.013168174,0.010288108,-0.02984383,0.0006826927,-0.004977751,0.035770264,0.026941085,0.0104922075,0.002014534,0.05016303,0.02464308,0.05781297,0.042996883,0.009796758,0.011384196,-0.0071056737,-0.008027899,0.0029405393,0.001898311,0.018731765,0.029223973,-0.00059717894,-0.022375312,-0.020122662,0.0031956632,0.012011612,0.022843985,0.019669108,-0.004841685,0.022345075,-0.005310357,0.043208543,0.005680759,0.007442059,0.01271462,-0.06367893,0.021196073,-0.009895029,-0.029118143,0.003968594,0.0005390674,0.015723193,-0.027031796,0.009267612,-0.04215025,0.02053086,0.00033118864,0.012079645,0.024733791,-0.02288934,-0.012608791,-0.0043692333,-0.012850686,0.0043087592,0.03589121,0.009199579,0.015307435,-0.018308448,0.004320098,-0.023146354,-0.04638342,0.025459478,-0.026729427,-0.0307207,-0.023418486,-0.0072833155,0.00053765,-0.013387391,-0.011376637,-0.035860974,0.010598036,-0.0036511067,-0.00035693726,0.026714308,0.0007956087,0.039066087,-0.04069888,-0.011527821,0.0047018393,-0.03434913,0.0002768567,-0.01017472,-0.014271821,0.006595426,0.010741661,0.023841802,-0.012185474,0.02210318,-0.052400563,-0.0054388638,0.01897366,0.015277198,-0.011558059,-0.029586814,0.004981531,-0.00841342,0.020077307,0.0076310397,0.012956515,0.047502182,0.017038498,0.039519638,0.01848987,0.037796136,0.016267456,0.017749066,-0.029677525,0.033109415,-0.057752494,0.009381001,0.024824502,0.00548044,0.010227635,-0.024567489,-0.007786004,0.019260911,-0.00997818,0.002611713,-0.0039761537,0.013153055,0.027591178,-0.02435583,-0.0013464873,0.0012472725,0.008352946,-0.016600063,0.01673613,0.0045997896,0.022027588,-0.0510399,0.032716334,-0.02180081,-0.009532185,-0.0031578671,-0.003806071,0.033109415,0.010477088,-0.11483978,0.024038343,0.037826374,-0.0039874925,-0.004452385,-0.028452931,-0.0022961153,0.032837283,0.03815898,-0.000895296,0.02630611,0.008957684,-0.009577541,-0.02006219,0.011913342,0.0015184598,0.07843454,-0.015723193,-0.024280237,0.0019899665,-0.053640276,0.0022469803,-0.015919732,0.022859102,-0.003082275,-0.006599205,-0.019155081,0.019094607,0.03619358,-0.018414278,-0.017552525,-0.016146509,-0.030871883,0.0026343907,-0.00084379874,0.012744857,-0.012729739,0.011089386,0.016947787,-0.024386067,0.026139807,-0.01437009,0.02053086,0.03961035,0.021075126,-0.044629678,-0.019744702,0.036556423,-0.005049564,0.022617208,0.003199443,-0.00831515,0.041817643,-0.029647289,-0.001222705,-0.0016280685,-0.02816568,-0.023055643,0.046081048,0.009244935,-0.020697163,0.008670433,0.0051024784,-0.033865336,0.0064404616,0.014680019,-0.018641055,0.026956204,0.016675655,0.0074345,0.017492052,0.017522288,0.034832917,-0.008496571,0.016811721,0.026033979,0.0040026107,0.007177486,0.020016834,-0.036707606,0.025897913,0.021649627,0.007513872,0.04937687,0.015209165,0.0246582,-0.031416148,-0.011006235,0.018021198,-0.013364714,0.015110895,-0.0149975065,0.0120872045,-0.009063513,-0.033200126,0.035588842,-0.00342433,0.016978024,0.03697974,-0.019049251,0.02612469,0.0037380378,-0.0453856,-0.00012165631,-0.020772757,-0.0024208424,0.0060360427,-0.002787465,0.026593361,-0.00283471,-0.0006949764,-0.01133884,0.006410225,0.030947477,-0.008496571,0.0095851,-0.00035292143,-0.0030992832,0.020137781,-0.029269328,0.011414433,-0.0046829414,-0.01585926,-4.2786407e-05,-0.02796914,0.022662563,-0.038279925,-0.041817643,-0.007362687,-0.0018236636,-0.015110895,-0.016191864,-0.008428538,0.008594842,0.017552525,0.0004122141,-0.014823644,-0.0075856843,-0.022329956,0.0031068423,0.0062023457,-0.029208854,-0.027137626,-0.011490026,-0.011127182,0.0010838042,-0.0045204177,0.010522444,-0.021543797,-0.012291303,-0.010582918,-0.000498909,-0.021211192,0.029874066,-0.0057261144,0.034107234,-0.03704021,0.02278351,0.008383183,0.0141735505,0.025973504,0.020425031,0.033200126,-0.012986752,-0.019548161,-0.037342582,-7.092681e-05,-0.0046413653,0.013024548,-0.019396977,-0.00040654468,-0.016887313,0.036526185,0.00047457774,0.011966256,0.0066143237,0.03707045,-0.0015052311,0.020364558,0.0074836346,-0.007415602,0.040487222,-0.0014343633,0.008829177,0.028634353,0.044750623,0.014906796,-0.008345387,-0.03120449,0.02190664,-0.0021279224,0.04003367,0.041031484,-0.006739051,0.01251808,-0.00053576025,-0.015980206,-0.001495782,0.042361908,-0.012835568,0.05651278,-0.028135443,0.009713607,-0.009932824,-0.02142285,0.02698644,-0.014891678,0.0076234806,-0.004743415,0.027167862,-0.0046980595,0.03697974,-0.010280549,-0.012125,0.02514199,0.034651496,0.04940711,0.025005924,0.012109882,0.009501949,-0.010681188,-0.001770749,-0.0033392885,0.021453086,0.0084587755,0.023433603,0.021664744,-0.00052253157,0.013969452,0.024930332,-0.038370635,-0.0185957,0.02220901,0.0045015197,0.009471712,-0.024038343,-0.007030081,0.023720855,0.031446386,0.031930175,-0.030055488,0.005314137,-0.0053708307,-0.00071434694,-0.025973504,-0.0025266716,-0.0015326333,-0.03616334,0.028422695,0.013833386,-0.015768548,0.012079645,0.010635832,0.008572164,0.01066607,-0.0017981512,-0.014816085,0.0065349517,0.029012313,0.009396119,0.0114749065,0.019034134,0.0007715136,-0.032534912,0.008866973,0.0018047654,0.0010516775,-0.003549057,-0.007264417,-0.005397288,0.0022677681,0.00195595,0.01154294,-0.0041802526,0.017779302,-2.9336297e-05,-0.029375156,-0.00011203011,-0.0126314685,-0.00070064585,-0.01133884,0.00303314,-0.018867832,0.011958697,0.008874533,-0.012208152,-0.038098503,-0.024900094,0.006984726,-0.0056391833,-0.019895885,-0.009464152,-0.02435583,-0.022027588,-0.02553507,0.007838919,-0.009607778,0.013901419,0.0013549915,0.0075856843,0.03059975,0.021347258,0.019684227,0.0344096,0.04078959,0.0012245948,-0.015216724,-0.022980051,-0.010333464,-0.012533199,-0.02034944,0.024507014,-0.00072426844,-0.020878585,0.0530053,0.030040368,0.017582763,0.022859102,-0.0011537271,0.002328242,0.026532887,0.006689916,0.007011183,-0.015511534,0.0024567489,0.015390586,0.0051100375,-0.0061229737,-0.0040857624,-0.014687578,-0.006247701,0.0035566164,0.012351777,0.0232673,-0.009040835,-0.014468361,0.009063513,-0.011747039,-0.0124198105,-0.0023528095,0.011021353,-0.017854894,-0.019986596,0.026381703,-0.009600218,-0.0005447368,-0.0007715136,0.01956328,0.00752899,-0.00037796135,0.09966085,-0.027273692,-0.0037040212,-0.012298862,0.009630456,-0.032413967,-0.031234726,0.038007796,-0.008330268,0.00017669694,-0.015723193,0.02639682,0.016615182,0.0053557125,0.016312812,0.010847491,-0.02709227,0.0010753,0.018263092,-0.004157575,0.040729117,0.011013794,-0.0016186195,0.0023093438,0.024386067,-0.012170356,6.738342e-05,0.0069469297,0.0032334593,0.012442488,-0.02551995,0.010507326,-0.015919732,-0.013440306,0.014596867,0.0037701644,-0.02582232,-0.016494233,0.018217737,-0.022088062,-0.014498598,-0.026200281,-0.005831944,0.00508736,0.02210318,0.01897366,-0.0153830275,0.01759788,0.007355128,-0.01095332,0.0019635092,0.016993143,0.0010573469,-0.021286784,0.0019597297,-0.0138863,-0.0037021316,0.004361674,-0.007521431,0.019533044,-0.009993298,0.018656172,0.01398457,0.020742519,0.009252494,-0.012480284,0.006561409,0.0013559364,-0.014884118,0.022133417,0.009154224,-0.004361674,0.011331282,-0.010015976,0.013977011,0.029314684,-0.0033600766,-0.012268625,0.018111909,-0.025474595,0.033956047,0.043299254,0.015398146,0.009857232,-0.019124845,-0.035679553,-0.046776496,0.004059305,-0.026638716,0.0054653212,0.018414278,-0.003726699,0.026381703,0.038673006,0.0013370384,-0.021075126,-0.005230985,-0.016161628,0.02503616,-0.011089386,0.01183019,0.020757638,-0.015617363,0.03347226,-0.018641055,0.0005985963,-0.022934696,-0.019623755,0.017129209,0.01027299,0.01096088,0.0014239694,0.005401068,-0.0010526223,-0.0027704567,-0.008171525,-0.0039988314,-0.015783666,-0.020697163,-0.0060625,-0.009713607,-0.014165992,-0.0059037562,-0.0033279497,-0.0032901536,0.0028044733,-0.008640196,-0.011316163,-0.026744546,0.00577147,0.01897366,-0.007090555,0.007952307,0.018701527,0.03628429,-0.012200593,-0.013803149,-0.04097101,0.0027988038,0.008685552,0.015677838,-0.009592659,0.00752899,-0.0055409134,0.0028044733,-0.020364558,0.0023017847,0.026850374,-0.034288656,-0.01956328,-0.017083853,0.009615337,0.007491194,-0.0030161317,-0.010802136,0.023524314,-0.005556032,-0.008231998,-0.033230364,0.03543766,-0.018943423,0.00410844,-0.023025407,-0.023494078,0.011202775,0.0021014651,-0.0129640745,0.009373441,0.024975687,-0.020666927,0.022828866,-0.02542924,0.015292317,0.032716334,0.01965399,0.00072663074,0.021392614,0.04940711,-0.015027744,-0.0153830275,-0.036344763,-0.033109415,-0.022163654,-0.019502806,0.011618532,-0.008489012,-0.006387547,-0.02102977,0.037796136,-0.0030255807,-0.0065425113,-0.038552057,-0.0010838042,0.00023339114,0.017053617,0.026820138,-0.010832372,-0.007079216,-0.0055900486,0.017265275,-0.05291459,0.0042293877,-0.009743844,0.054728806,0.020168018,-0.017355986,0.013032108,-0.009819436,-0.020379676,-0.02366038,0.024794266,-0.0013455424,-0.004970192,-0.007173707,0.02503616,0.0056316243,0.010257871,0.06074595,0.0077179708,-0.006935591,0.033200126,0.0019058702,-0.0017622449,0.0045204177,-0.016962906,0.03552837,0.017643236,0.0042785225,0.0052650017,-0.022949813,0.005506897,0.08103491,0.00062647095,-0.01731063,0.045839153,0.031446386,-0.024446541,0.015330113,-0.0021260327,0.004236947,-0.006916693,-0.019155081,-0.023630144,0.008987921,-0.04254333,0.0070489794,0.03728211,-0.014339854,-0.003121961,0.02855876,-0.0129640745,0.01711409,0.007264417,-0.011490026,-0.0057563516,-0.020606453,-0.017945604,-0.008534367,0.008201761,-0.025021043,-0.0025965946,0.005646743,0.00938856,-0.013644405,0.0077293096,0.04853024,0.015209165,0.0034281095,0.015617363,0.007831359,0.009328086,0.016947787,-0.014543953,0.046927683,-0.024370948,0.0016384625,0.0063119545,-0.0020674486,-0.0010885287,0.020848349,-0.022450905,0.005937773,-0.013825826,-0.0064404616,0.04012438,-0.030478803,-0.040608168,0.048893083,0.044176124,0.02874018,0.0015997215,0.013417629,-0.018384041,-0.007324891,0.032807045,0.010318345,0.01066607,-0.009630456,-0.049467582,-0.0029613273,0.028301746,-0.053730987,-0.01437765,0.0030218011,0.0025701371,0.01096088,0.038279925,-0.0051591727,-0.009305408,-0.0037928422,0.007869155,-0.022859102,-0.0006283608,0.000108900116,0.018882949,0.0057828086,-0.011391755,0.010832372,-0.041636225,0.01203429,-0.016101154,0.016101154,0.04078959,-0.025580425,0.00015307435,-0.026789902,-0.00067135383,0.00026929745,0.0019389418,0.017613,0.012608791,0.02453725,0.01017472,0.008337827,0.037614714,0.0023301318,0.018111909,0.024431422,0.0081790835,0.0076348195,0.0069658277,-0.011210334,0.016101154,0.00440325,-0.013334476,0.03882419,0.027455114,-0.00449774,-0.00674661,0.03217207,0.017265275,0.021634508,-0.0063535306,0.014241584,-0.005151613,0.017401341,0.0049475143,-0.0075441087,0.026563125,0.021694982,0.022949813,-0.006077619,0.014543953,-0.015768548,0.026245637,0.06171353,-0.0059037562,0.0014513716,0.0070754364,-0.0019937463,-0.012661706,0.004637586,0.019684227,-0.0020296525,-0.025262937,-0.012926279,-0.048772134,-0.02825639,-0.036435474,-0.004297421,0.046232235,-0.012684383,-0.014853882,-0.0021317021,0.005858401,-0.018837593,-0.0035868534,-0.011482466,-0.024990804]","{""h"":17.142857142857142,""s"":41.17647058823529,""l"":10}",#24150f
8,https://autolayout.oss-cn-beijing.aliyuncs.com/background/4299238bcdca4c85b685ca8b2500ef94.2.png?OSSAccessKeyId=LTAI5t6QuPcFFd4HvdBWdaZw&Expires=4840139310&Signature=5EdoNmA2FBEhhdxzN0l7Y7nhkow%3D,"{
    ""productType"": [""美容与健康"", ""服装与配饰"", ""家居用品""],
    ""cultureTendency"": ""背景采用暖调棕褐色美学，呼应日本传统极简风格，体现该国文化中对简约、优雅及与自然深度连结的追求"",
    ""styleTendency"": ""极简精致"",
    ""titleUser"": ""偏好精致优雅风格的成年群体"",
    ""historyStyle"": ""国际风格"",
    ""sense"": ""背景传递出宁静、温暖与低调奢华的氛围"",
    ""otherSenses"": ""唤起温暖沙滩的清新气息与海浪轻拍海岸的声响"",
    ""festivalNode"": [""秋季促销"", ""母亲节促销"", ""情人节促销""],
    ""colorTendency"": ""棕米色系"",
    ""colorSorting"": [""#C4A484"", ""#A97142"", ""#8B5A2B""]
  }
","[0.013911773,-0.0024935873,-0.020884868,0.015859835,0.024312906,-0.040695895,-0.0033884563,0.043229062,-0.014868595,-0.006979979,-0.013739683,-0.015267844,-0.049121432,-0.06591744,0.026460592,0.083098926,-0.025180241,-0.016038809,0.015391748,-0.006116086,-0.004804759,-0.01524031,0.009526914,-0.012362961,0.028828552,0.0074687153,-0.05248063,0.078968756,0.04898376,0.021201514,-0.02527661,-0.03681354,0.013705265,-0.0019136432,0.036730934,-0.021683367,-0.00742053,0.0065669627,-0.0069042593,-0.028883621,-0.026639566,-0.024367975,0.03637299,0.010325413,0.012865464,-0.015818533,-0.01342992,0.036648333,0.00031169842,0.017498134,0.014125165,-0.045239076,-0.015033801,-0.009506264,-0.049617052,-0.010566339,-0.0042437445,0.043256596,0.006205573,0.02043055,0.09069843,-0.037859846,-0.0143179055,0.018365467,0.0111239115,-0.025138939,0.014414276,-0.020747196,-0.010229043,-0.011357954,0.060025066,-0.050443083,-0.022853581,-0.0030769731,-0.008570093,0.0316646,-0.018819787,-0.022812279,0.0391815,-0.023665847,-0.029985,0.053196527,-0.05382982,0.043559477,-0.0023610778,-0.040062603,-0.0093066385,0.027204022,-0.08001506,0.05787738,-0.022770977,0.023817286,-0.005135172,-0.0042127683,0.0033282249,0.0046154596,-0.052260358,-0.012259707,-0.021339187,0.033481874,0.034996267,-0.055592023,0.0024660528,0.007688991,0.0018964341,0.0031268792,0.014772224,-0.03309639,-0.054352973,0.0075031333,-0.10308892,-0.002775815,-0.0043504406,0.09257077,0.021876108,0.013216528,0.015887368,-0.008804135,-0.016864842,-0.01159888,-0.06955198,-0.0031440882,-0.007984986,-0.015419283,-0.015543188,0.02800252,-0.042292893,-0.01766334,-0.080951236,-0.037364226,0.025359213,0.018668346,-0.05314146,-0.064871125,-0.01909513,-0.022812279,-0.02968212,0.05303132,-0.057216555,-0.0130650895,0.057161488,-0.04190741,0.055647094,-0.0020685245,-0.008707765,0.009320406,-0.019907396,0.031389255,-0.014813526,0.0810063,-0.019714655,-0.006098877,0.022178987,-0.0028119541,0.025235308,-0.0449362,0.07627039,-0.036923677,-0.08689868,-0.002763769,0.012741559,-0.042485632,0.020802265,-0.019191502,0.023156459,-0.012445564,-0.030370481,-0.032931183,-0.048378002,-0.024629552,0.0045294147,-0.03496873,0.014083863,0.014648319,0.020967472,-0.0020857335,-0.014262837,-0.016217781,0.003061485,0.06911143,0.053554475,0.033729684,-0.032518167,-0.030563222,-0.024767224,-0.030563222,-0.011612648,0.0029599518,0.0104011325,-0.035904903,-0.014083863,-0.0014489996,0.036152713,0.012714026,0.043724682,-0.058207795,0.0039167735,0.06321906,-0.003978726,0.046120178,-0.009926164,-0.02092617,0.020884868,-0.004171467,-0.024065096,0.015804766,-0.028608277,0.017153952,-0.016974978,0.0027069792,0.043889888,-0.0094305435,-0.006807889,0.056170247,0.01434544,-0.0016675541,0.046973746,-0.021876108,-0.025992505,0.04025534,0.018379236,0.031141445,0.05526161,-0.013299132,0.004099189,0.010814149,0.04061329,-0.03130665,-0.030535689,-0.027493132,0.02275721,0.028305398,-0.023541942,-0.015309146,-0.016961211,-0.017126419,0.021380488,0.006246875,0.018778484,-0.034225304,-0.04408263,0.045982506,0.003603569,0.02142179,0.030205274,-0.0027448388,0.0048804786,-0.03403256,-0.003551942,-0.0019102014,0.02800252,0.042816047,-0.050718427,-0.00074041815,-0.0004076387,-0.018035054,-0.020444317,0.02691491,-0.025125172,0.00055542117,0.047524434,-0.008914273,0.0045982506,-0.0458999,0.034913663,-0.0013663963,0.024657086,0.0021855456,0.0035829183,0.0012390496,-0.0073172757,-0.032931183,0.021187747,0.02844307,0.01434544,-0.008714649,-0.045734696,-0.0065291026,0.009272221,0.017002514,-0.07450818,0.0024230303,0.00991928,-0.030315412,-0.004680854,0.015102637,0.0027327926,-0.00091551995,-0.039456844,-0.0032180871,0.013450571,-0.05545435,-0.040723428,-0.040888634,-0.055619556,-0.0062365495,0.009905512,0.042650837,0.009767841,-0.03546435,0.054765992,-0.026254084,0.006680542,-0.02172467,0.01018774,0.020100137,0.027988752,-0.03389489,0.05347187,0.028181493,-0.03893369,-0.014662086,0.032490633,-0.06046562,-0.032986253,0.0010566339,-0.027231555,0.06641305,-0.0249875,-0.04402756,0.024574483,-0.0016606706,0.080290414,0.023473104,-0.010235926,-0.045431815,0.008728416,-0.025138939,-0.028663347,-0.04835047,-0.044495646,-0.02245433,0.0072897417,0.0104149,0.015033801,-0.0035553838,0.00204099,0.015873602,-0.01701628,0.015556956,-0.045927435,-0.09284611,-0.017209021,-0.020155206,0.020306645,-0.011488743,-0.006346687,-0.017869849,0.004133607,0.03774971,0.003045997,-0.011970595,0.03656573,0.008996877,0.0031010658,-0.035546955,0.037281625,-0.0054139583,-0.07362708,0.03744683,-0.009623284,-0.050030068,0.045954973,-0.005709953,0.0042609535,-0.046918675,-0.029516913,-0.014799759,0.07362708,-0.022578236,0.056665868,0.013395502,0.010938054,-0.037143953,-0.027424296,0.0059852977,0.007461832,-0.0044743456,-0.0019446195,0.04419277,0.008136425,0.012287241,0.013622661,0.0333442,0.022027548,-0.0089005055,-0.008026288,0.009292872,0.012259707,-0.01533668,0.013367968,-0.0675695,-0.01333355,0.035189006,0.038851086,0.025785998,0.033702146,0.04947938,0.0054070745,0.0072759744,0.00225094,0.00072923227,-0.010084487,0.013133925,-0.02012767,-0.007214022,-0.02924157,-0.009313523,0.027231555,0.0046739704,0.0056858608,-0.03937424,0.035189006,0.027314158,-0.028222796,-0.020458085,0.028608277,0.036648333,0.054876126,0.019053828,-0.01840677,-0.03854821,-0.008370468,-0.03279351,0.00019220325,0.028043821,0.04468839,-0.022715908,-0.02968212,-0.08607264,-0.023583243,-0.0067424946,0.033949956,-0.016341686,0.012369845,-0.0009163804,-0.00982291,0.02142179,0.011130795,-0.002602004,0.009354824,0.0076408056,-0.05159953,0.012452448,0.04490866,0.059199035,0.020705895,-0.003061485,-0.051214047,-0.046340454,-0.020031301,0.030700894,-0.059309173,-0.0061780387,0.011791621,0.06558702,-0.02172467,-0.0036345453,0.012541935,-0.010105138,0.05016774,0.013863588,-0.003989051,0.0424581,0.017140185,0.00018607255,-0.043421805,-0.0068663997,0.047083884,-0.037612036,0.009451195,0.007069466,0.03879602,-0.040310413,0.014015027,-0.024202768,0.024436811,0.045707162,0.030590756,-0.0022922417,0.0542153,0.029269103,-0.0316646,-0.02062329,-0.02483606,0.003095903,0.020843567,-0.027272858,-0.062888645,0.011013774,0.010476853,-0.027093884,0.0038410537,-0.015914904,-0.0005747813,-0.0012579794,0.031829808,0.012555702,-0.02037548,-0.033013787,0.02201378,-0.004804759,0.03562956,0.041576996,0.058262862,0.003273156,0.009657703,-0.010648943,0.031086376,-0.036675867,-0.04468839,0.025593257,0.002323218,0.0063053854,0.01318211,-0.006697751,-0.0106833605,0.03538175,-0.03645559,-0.039594516,-0.024959965,0.023858588,-0.013842937,-0.023101391,-0.0067769126,-0.026460592,-0.016259084,-0.07125912,-0.036235318,-0.031389255,0.0021321978,0.009471846,-0.019769724,0.0154468175,0.029269103,0.008356701,0.010724662,-0.029269103,-0.014428044,0.021435557,0.011619532,-0.031829808,-0.021710902,-0.017649572,-0.045239076,0.028856087,-0.0041232817,-0.034803525,-0.0061711553,0.050773498,0.016259084,-0.031692132,0.024423044,-0.009403009,0.017387995,0.045486886,-0.01214957,0.03309639,-0.017649572,0.017828546,-0.005961205,-0.026240315,0.024712155,-0.008673347,0.015309146,0.02428537,0.019026294,0.042540703,0.013574476,-0.0012812116,-0.015157706,-0.0060300413,-0.0034865479,-0.0026673984,0.009045062,-0.019714655,-0.0043194643,-0.02147686,0.020017534,0.01642429,-0.01736046,0.0033798518,-0.01865458,0.029269103,-0.06079603,0.013133925,0.015722161,0.01890239,0.024712155,0.029076362,-0.046588264,-0.014469345,0.025964972,0.03160953,0.0166721,0.011399256,-0.0075169005,0.015846066,0.009017527,-0.026460592,-0.0031475301,-0.052948717,-0.02403756,0.011550696,0.023239063,0.04565209,0.006057576,-0.028883621,0.014813526,0.000606618,-0.026846074,0.016451824,0.01785608,-0.022743443,-0.0014644878,-0.022674607,-0.010125788,-0.0043538823,-0.0059371125,-0.015722161,-0.008515024,-0.0080194045,0.03854821,-0.01291365,0.00022522306,0.03155446,-0.026942445,-0.03521654,0.014620785,-0.01577723,0.03240803,0.0013706986,0.0080194045,-0.030453084,-0.0035209658,0.035684627,0.006105761,0.012314776,0.007867965,-0.021146446,-0.006890492,0.014070096,0.025730928,-0.035189006,0.009561332,-0.0025090754,-0.017690875,-0.021903643,-0.00078645226,0.005276286,-0.025689628,-0.005062894,0.01987986,-0.015846066,0.00028050705,0.029902397,0.020540688,0.032986253,-0.0070109554,0.027396763,-0.037612036,0.03681354,-0.019824794,-0.026722169,0.01249375,0.022729676,-0.012941184,1.9871042e-05,-0.0030632059,0.028553208,0.07136925,0.045597024,0.031747203,0.03496873,0.018737182,-0.014579483,0.010786614,0.0045603905,-0.007957452,0.002164895,0.018709648,0.009650819,-0.012369845,-0.0036311036,0.0026794446,-0.028085124,0.036730934,0.033674613,-0.0017639247,0.0033643637,-0.005018151,0.03744683,0.024216535,0.020595757,-0.00032804697,-0.017002514,0.013016904,-0.0020805707,-0.01318211,0.010036302,-0.008893622,0.0028945573,-0.0250288,0.00081140536,-0.037364226,0.024891129,-0.022798512,0.0036689634,0.020843567,-0.009933047,0.0043745334,-0.024147699,-0.041136444,0.019769724,0.03819026,0.008198378,0.03452818,0.01865458,-0.020196507,0.004202443,-0.046340454,0.015267844,-0.021146446,-0.013602011,-0.0050078253,0.003782543,0.0020341063,-0.03854821,-0.0047772243,-0.005916462,0.002990928,0.016259084,-0.0075719696,0.029131431,-0.004770341,0.030370481,-0.037777245,0.008473722,0.014662086,-0.031692132,-0.006573846,0.0008036613,-0.029654587,-0.0009318685,0.009347941,0.047469366,0.017236557,-0.0047565736,-0.01859951,0.0077578267,0.05575723,0.012775977,-0.011454325,0.003058043,0.0045500654,-0.019921163,0.013044438,0.0149925,-0.0026484684,0.03155446,0.019714655,0.038988758,0.00094821706,0.018269097,0.015281611,0.037033815,-0.016617032,0.047028814,-0.045128938,-0.007633922,-0.0048254095,-0.0007141744,0.01058699,0.0036551962,-0.001529882,0.010731546,0.011585114,0.0065497537,-0.021463092,0.008728416,0.041521925,-0.023115158,0.0015789277,-0.02048562,0.014138932,-0.024216535,0.02775471,-0.004154258,0.0035416167,-0.05787738,0.024326673,-0.0017381111,0.00046464358,0.007124535,-0.02449188,0.026446825,-0.00868023,-0.09526914,0.0071589528,0.050745964,-0.0022561026,-0.019494379,-0.036042575,-0.018764718,-0.004295372,0.050002534,-0.017732175,0.018420536,0.020705895,-0.023610778,-0.033619545,0.0032284125,-0.018021287,0.055371746,0.017291624,-0.024436811,0.016355455,-0.035354216,0.009396126,-0.025744697,0.03042555,-0.008983109,-0.022729676,-0.010951822,-0.008267214,0.037529435,-0.0064258487,-0.03557449,0.0041921176,-0.016190248,-0.019108897,-0.042237822,0.03538175,-0.0040854216,0.008556326,0.010697127,-0.0074824826,0.002605446,-0.01810389,0.01766334,0.037033815,0.055289146,-0.0358223,0.0041232817,0.02092617,-0.015625792,-0.0032094824,-0.009334173,-0.014909896,0.04419277,-0.05848314,-0.016314153,-0.0043538823,-0.022440564,-0.04358701,0.034197766,0.00890739,-0.053306665,0.0066736587,0.018544441,-0.016259084,0.013670847,0.00774406,0.027382996,0.029076362,0.0030029742,-0.008776601,-0.0022251264,0.0124662155,0.011461209,-0.028580744,0.019040061,0.011309769,0.00047238765,0.020499386,0.011172097,-0.019287871,-0.0006737332,-0.01266584,-0.0031045075,0.048956223,0.012294125,0.014372975,-0.028553208,-0.0102772275,-0.0010170531,-0.011543811,0.010463085,-0.009809142,0.011709019,-0.0020255018,-0.03527161,0.012775977,0.010270344,0.009058829,0.025703395,-0.019494379,-0.0057719056,-0.0026846074,-0.039319173,-0.008377352,0.005964647,0.003324783,0.0048426185,0.0017880173,0.014551949,-0.009809142,0.007613271,-0.016204014,-0.020884868,0.019535681,-0.035932437,-0.0057065114,0.017732175,0.0033127367,0.021105144,-0.020155206,0.012865464,0.0015772068,0.018269097,0.01484106,-0.00048615487,-0.013436804,-0.0007593481,-0.027878614,-0.02216522,0.020884868,-0.0010850288,-0.012679607,-0.019563215,0.03595997,0.008693998,-0.0033092948,0.0075926203,-0.0166721,-0.002588237,-0.008542558,0.012996253,-0.0055963737,-0.03072843,-0.0068526324,-0.029131431,0.008638929,0.037969984,-0.024395509,-0.0053072623,0.011915526,-0.0028119541,0.0076752235,-0.019962465,0.04149439,-0.006491243,0.0391815,-0.029214036,0.0014386742,-0.0051558227,0.029021295,0.0036173363,-0.012356077,0.012101384,-0.0134712225,0.011000006,-0.028415537,0.004429602,0.010697127,0.02270214,-0.029379241,-0.025345447,-0.011316652,0.027272858,0.0016021599,0.008728416,-0.024794757,0.008824786,0.004026911,0.033839818,-0.0062124566,-0.0064430577,0.027727176,-0.028580744,0.006697751,0.05520654,0.0008763694,3.7080063e-05,-0.026391756,-0.03843807,0.030783497,0.00028868133,0.03686861,0.02403756,-0.00774406,0.010518154,-0.002073687,-0.0049148966,-0.0040200274,0.04391742,0.006804447,0.05110391,-0.022426797,0.012899882,-0.005916462,-0.029654587,0.0366208,-0.034170233,-0.009409893,0.018475605,0.015969971,-0.00890739,0.02245433,-0.037474364,-0.021628298,0.028883621,0.029627051,0.023225296,0.031499393,-0.007179604,0.0073448103,-0.03805259,-0.0034710597,0.0075582024,0.028608277,0.0054380507,0.021889875,0.037639573,0.0047049467,0.012948068,0.023899889,-0.041879874,0.007847314,0.0072002546,0.014978732,0.031224048,-0.006560079,0.006439616,0.011433674,0.039594516,0.033013787,-0.015116405,-0.003058043,-0.0039649587,-0.015185241,-0.03755697,-0.0022492192,-0.0073103923,-0.02195871,0.025951205,0.023652079,-0.026377989,0.027974986,0.024657086,-0.014703388,-0.0045500654,-0.0005042243,0.009334173,-0.004171467,0.0074342974,0.01508887,-0.0015135334,0.016658332,-0.01367773,-0.03483106,0.0030339505,0.027369227,0.0022096385,-0.006862958,-0.024257837,0.004969965,0.014827293,0.0009817746,0.011220282,0.008219029,0.003572593,0.019329173,-0.015612024,0.0074480646,-0.00047023653,-0.0071520694,-0.0025710277,0.007214022,0.003498594,0.012700258,0.031058842,-0.0114956265,-0.01731916,-0.040337946,0.009802259,-0.013023787,-0.04309139,-0.010139556,-0.023404269,-0.016121412,-0.0037963102,0.023046322,0.0038066355,0.01939801,-0.019040061,0.0062537584,0.009602634,0.011488743,0.031995013,0.029819792,0.034418043,0.018916156,-0.004852944,-0.012920533,-0.009967465,-0.01642429,-0.0019807583,0.0013569314,-0.008301632,-0.029764723,0.0143179055,0.028883621,-0.0035312911,0.020155206,0.00063458266,-0.0041611413,0.002779257,0.011516277,-0.007950568,-0.0055722813,0.00066641934,0.02043055,0.010827917,-0.007854197,-0.017745944,0.0051248465,0.0066220313,0.026157713,0.01632792,0.0068698414,-0.005575723,-0.0031871109,-0.0024712156,-0.01647936,0.0025039127,-0.004694621,-0.00023339735,-0.032435562,-0.022302892,0.03686861,-0.014276604,-0.030535689,0.010421784,0.012390495,-0.008886739,0.01548812,0.08662333,-0.030040069,-0.0039856094,0.020003766,0.013106391,-0.02245433,-0.027713409,0.02992993,-0.0021511277,0.014035678,-0.0030941821,0.01617648,0.013285365,0.011192747,0.015997507,0.0022819163,-0.035602022,0.034555715,0.0031802272,-0.0013663963,0.022605771,0.03483106,0.0012958393,-0.0109655885,0.0061264117,-0.018682113,0.0017312276,-0.0025090754,0.029021295,0.03023281,-0.014207768,0.03180227,-0.036180247,0.010566339,0.021311652,-0.0066943094,-0.011068842,-0.005809766,0.024395509,-0.019852327,0.0017742501,-0.018200262,-0.02220652,-0.0022733118,0.017153952,0.017332926,-0.031251583,0.0011151446,0.01558449,-0.0014610459,0.0052866116,0.035546955,0.008983109,-0.0029857652,-0.002128756,-0.0028205586,0.00092928717,0.008693998,-0.03240803,0.00041215608,-0.009912397,0.010993123,0.016314153,0.015474352,0.032132685,-0.0019669912,0.00090347364,0.018971225,-0.03695121,0.026240315,0.02058199,0.0013345596,0.026047574,-0.009637052,0.0047565736,0.023720914,0.011591997,-0.021779738,0.024629552,-0.04664333,0.020210275,0.04028288,0.028718416,-0.012541935,-0.0077165253,-0.042182755,-0.0449362,0.0019497821,-0.018984992,0.0031389254,-0.0073585776,-0.03483106,0.007124535,0.038740948,0.013292248,-0.020458085,-0.015556956,0.0013053042,0.011096377,0.018874856,0.0040854216,0.008996877,-0.005833858,0.04857074,-0.024904896,-0.0017862965,-0.011282234,0.02195871,0.0041232817,0.011826039,0.0015333238,0.009891746,0.0023610778,-0.015873602,-0.014565716,0.019411776,0.014441811,-0.034941196,-0.021242816,-0.02058199,7.59617e-06,-0.01073843,0.005833858,-0.022633305,-0.0002964254,0.0065291026,-0.011268468,-0.015033801,-0.03962205,0.029902397,0.023858588,0.0029857652,-0.000808824,0.023418037,0.018916156,-0.01943931,-0.02058199,-0.009396126,0.014524414,0.0021184306,0.01850314,-0.004735923,0.009733423,0.0031372046,-0.005186799,-0.003481385,-0.0014214652,0.01716772,-0.03160953,0.00052960764,-0.001232166,-0.001186562,-8.900291e-06,-0.004904571,-0.0025297261,0.0037343577,-0.0020100137,-0.014923664,-0.037777245,0.027823547,-0.008219029,0.02710765,-0.021600764,0.003286923,0.019811025,-0.013932424,-0.02043055,0.017209021,0.0058889273,-0.00984356,0.016617032,-0.0191502,0.0072759744,0.02661203,-0.0010781452,0.016162712,0.00654287,0.011791621,-0.026281618,-0.01968712,-0.04807512,-0.045679625,-0.011316652,-0.037391763,0.030508153,-0.0123767285,-0.014579483,-0.010229043,0.021903643,-0.025607023,-0.0014765341,-0.04353194,0.00892804,-0.0101533225,0.016066343,0.030370481,0.008425537,-0.0015686023,0.00146879,0.027176486,-0.043173995,-0.0012812116,-0.008342934,0.055426817,0.0250288,-0.017140185,0.015020034,0.004780666,-0.030150205,-0.023638312,0.034362976,-0.0051627066,-0.014359208,-0.009795375,0.0052728443,0.018035054,0.02300502,0.051709667,0.0036517545,-0.021710902,0.033839818,0.0019738749,0.0022612654,-0.034197766,-0.033729684,0.053995024,0.029461846,0.004219652,-0.0036517545,-0.033564474,-0.017704641,0.063549474,0.012693374,-0.011819156,0.044495646,-0.000576072,-0.028415537,0.022688374,-0.017085116,-0.012115152,-0.0036551962,-0.035904903,-0.021834806,-0.0017570411,-0.0574919,-0.00024565877,0.023459338,-0.017305393,-0.00059026945,0.06140179,-0.0108348,0.014221535,0.0057374877,0.0022595446,0.014717155,-0.0069868625,-0.0068182144,0.0044571366,0.042898647,-0.03185734,0.0013922098,-0.022798512,-0.0067252857,-0.017897382,0.019466845,0.030370481,0.013732799,-0.011364838,0.02651566,-0.016052576,-0.0125006335,-0.007179604,-0.0015100916,0.038768485,-0.010621408,-0.0024867037,-0.0038926806,0.0149925,0.012211522,0.032380495,-0.016630799,0.011647066,-0.014524414,0.0074274135,0.023762217,-0.024505647,-0.026543194,0.034693386,0.03116898,0.012011897,0.01033918,-0.005345122,-0.03353694,0.009189618,0.03532668,0.025249077,0.02973719,-0.015033801,-0.03843807,0.002958231,0.023376735,-0.030893635,-0.027204022,-0.0022406145,0.00073697633,0.013436804,0.033178993,0.0063225944,-0.01407698,-0.017979985,0.0075237844,-0.0011530045,0.008570093,-0.009017527,-0.004811642,0.0071589528,-0.0036999397,0.029214036,-0.0358223,0.014868595,-0.012328543,0.0045122053,0.039071362,-0.026873607,0.010290995,-0.015956204,-0.0057030697,-0.01617648,0.0037963102,0.031196514,0.011702134,0.036180247,0.010944937,0.021242816,0.021614531,-0.0048839203,0.013223412,0.016011273,0.011268468,-0.004942431,-0.00044743455,-0.04196248,0.036345452,0.0027826987,0.0022010338,0.03309639,0.020279111,-0.013003137,-0.0018293189,0.038355466,0.016561963,0.010476853,-0.014854827,-0.011461209,-0.014372975,0.01983856,-0.013863588,-0.016396755,0.019700889,0.014235303,-0.010380481,0.014565716,0.0099949995,0.002476378,0.01073843,0.03942931,-0.0029100454,0.009086363,0.0041439324,0.0080194045,-0.017470598,-0.028663347,0.0108072655,-0.006718402,-0.030398015,-0.0035089194,0.0010325413,-0.010380481,-0.032986253,0.010607641,0.04210015,0.015556956,-0.016589496,0.0058304165,0.006893934,0.007929917,-0.0042506284,-0.010043185,-0.03339927]","{""h"":22.702702702702716,""s"":32.743362831858406,""l"":55.68627450980392}",#b38569